Stationsnamn;Stationsnummer;Stationsnät;Mäthöjd (meter över marken);;
Mora A;104580;SMHIs stationsnät;2.0;;
;;;;;
Parameternamn;Beskrivning;Enhet;;;
Lufttemperatur;momentanvärde, 1 gång/tim;celsius;;;
;;;;;
Tidsperiod (fr.o.m);Tidsperiod (t.o.m);Höjd (meter över havet);Latitud (decimalgrader);Longitud (decimalgrader);
1949-01-01 00:00;1975-08-31 23:59;170.0;61.0025;14.5874;
1975-09-01 00:00;1977-03-09 23:59;190.0;61.0025;14.5874;
1977-03-01 00:00;1980-08-31 23:59;175.0;61.0025;14.5874;
1980-09-01 00:00;1983-11-30 23:59;190.0;61.0025;14.5874;
1984-02-01 00:00;1994-11-30 23:59;175.0;61.0025;14.5874;
1995-08-01 00:00;2024-01-16 21:20;195.417;60.9601;14.5041;
;;;;;
Datum;Tid (UTC);Lufttemperatur;Kvalitet;;Tidsutsnitt:
2023-09-08;01:00:00;12.8;G;;Data från senaste fyra månaderna
2023-09-08;02:00:00;12.8;G;;Tidsperiod (fr.o.m.) = 2023-09-08 00:00:01 (UTC)
2023-09-08;03:00:00;12.4;G;;Tidsperiod (t.o.m.) = 2024-01-16 21:00:00 (UTC)
2023-09-08;04:00:00;10.1;G;;Samplingstid = Ej angivet
2023-09-08;05:00:00;10.1;G;;Kvalitetskoderna:
2023-09-08;06:00:00;12.7;G;;Grön (G) = Kontrollerade och godkända värden.
2023-09-08;07:00:00;13.6;G;;Gul (Y) = Misstänkta eller aggregerade värden. Grovt kontrollerade arkivdata och okontrollerade realtidsdata (senaste 2 tim).
2023-09-08;08:00:00;13.8;G;;Nätinformation:
2023-09-08;09:00:00;15.2;G;;SMHIs Stationsnät: Data samlas in och lagras i SMHIs databaser. Data kvalitetskontrolleras vilket innebär att felaktiga data korrigeras och att databortfall kompletteras utifrån expertbedömning där det är möjligt. De flesta stationerna övervakas, inspekteras och underhålls löpande av SMHI.
2023-09-08;10:00:00;16.6;G;;Övriga stationer: Data samlas in och lagras i SMHIs databaser. Datakvaliteten är för SMHI okänd då SMHI varken utför kvalitetskontroll på data eller inspektioner på stationerna.
2023-09-08;11:00:00;17.4;G;;Möjliga orsaker till saknade data:
2023-09-08;12:00:00;18.3;G;;#NAME?
2023-09-08;13:00:00;19.3;G;;- stationen har endast levererat värden med kvalitetskod Röd (R). Dessa levereras ej.
2023-09-08;14:00:00;19.9;G;;
2023-09-08;15:00:00;18.8;G;;
2023-09-08;16:00:00;18.3;G;;
2023-09-08;17:00:00;17.5;G;;
2023-09-08;18:00:00;16.5;G;;
2023-09-08;19:00:00;15.8;G;;
2023-09-08;20:00:00;15.0;G;;
2023-09-08;21:00:00;14.8;G;;
2023-09-08;22:00:00;12.8;G;;
2023-09-08;23:00:00;11.1;G;;
2023-09-09;00:00:00;10.2;G;;
2023-09-09;01:00:00;9.8;G;;
2023-09-09;02:00:00;10.2;G;;
2023-09-09;03:00:00;9.9;G;;
2023-09-09;04:00:00;8.2;G;;
2023-09-09;05:00:00;9.4;G;;
2023-09-09;06:00:00;11.8;G;;
2023-09-09;07:00:00;13.7;G;;
2023-09-09;08:00:00;14.9;G;;
2023-09-09;09:00:00;17.6;G;;
2023-09-09;10:00:00;18.5;G;;
2023-09-09;11:00:00;21.3;G;;
2023-09-09;12:00:00;21.0;G;;
2023-09-09;13:00:00;21.4;G;;
2023-09-09;14:00:00;21.4;G;;
2023-09-09;15:00:00;21.7;G;;
2023-09-09;16:00:00;21.2;G;;
2023-09-09;17:00:00;20.3;G;;
2023-09-09;18:00:00;19.7;G;;
2023-09-09;19:00:00;18.5;G;;
2023-09-09;20:00:00;17.4;G;;
2023-09-09;21:00:00;17.0;G;;
2023-09-09;22:00:00;17.4;G;;
2023-09-09;23:00:00;15.3;G;;
2023-09-10;00:00:00;13.4;G;;
2023-09-10;01:00:00;13.0;G;;
2023-09-10;02:00:00;12.3;G;;
2023-09-10;03:00:00;14.2;G;;
2023-09-10;04:00:00;14.5;G;;
2023-09-10;05:00:00;13.8;G;;
2023-09-10;06:00:00;16.3;G;;
2023-09-10;07:00:00;17.2;G;;
2023-09-10;08:00:00;19.1;G;;
2023-09-10;09:00:00;20.6;G;;
2023-09-10;10:00:00;22.3;G;;
2023-09-10;11:00:00;23.7;G;;
2023-09-10;12:00:00;24.2;G;;
2023-09-10;13:00:00;24.8;G;;
2023-09-10;14:00:00;25.2;G;;
2023-09-10;15:00:00;24.8;G;;
2023-09-10;16:00:00;24.3;G;;
2023-09-10;17:00:00;22.1;G;;
2023-09-10;18:00:00;18.9;G;;
2023-09-10;19:00:00;18.7;G;;
2023-09-10;20:00:00;15.3;G;;
2023-09-10;21:00:00;17.9;G;;
2023-09-10;22:00:00;16.2;G;;
2023-09-10;23:00:00;14.9;G;;
2023-09-11;00:00:00;13.7;G;;
2023-09-11;01:00:00;12.2;G;;
2023-09-11;02:00:00;13.0;G;;
2023-09-11;03:00:00;13.7;G;;
2023-09-11;04:00:00;13.3;G;;
2023-09-11;05:00:00;13.4;G;;
2023-09-11;06:00:00;14.5;G;;
2023-09-11;07:00:00;15.1;G;;
2023-09-11;08:00:00;15.4;G;;
2023-09-11;09:00:00;16.9;G;;
2023-09-11;10:00:00;19.3;G;;
2023-09-11;11:00:00;20.0;G;;
2023-09-11;12:00:00;19.5;G;;
2023-09-11;13:00:00;19.8;G;;
2023-09-11;14:00:00;20.5;G;;
2023-09-11;15:00:00;20.4;G;;
2023-09-11;16:00:00;19.8;G;;
2023-09-11;17:00:00;19.4;G;;
2023-09-11;18:00:00;18.9;G;;
2023-09-11;19:00:00;18.3;G;;
2023-09-11;20:00:00;18.1;G;;
2023-09-11;21:00:00;17.8;G;;
2023-09-11;22:00:00;18.2;G;;
2023-09-11;23:00:00;18.4;G;;
2023-09-12;00:00:00;18.5;G;;
2023-09-12;01:00:00;18.3;G;;
2023-09-12;02:00:00;18.1;G;;
2023-09-12;03:00:00;18.0;G;;
2023-09-12;04:00:00;18.0;G;;
2023-09-12;05:00:00;17.9;G;;
2023-09-12;06:00:00;18.0;G;;
2023-09-12;07:00:00;18.4;G;;
2023-09-12;08:00:00;19.5;G;;
2023-09-12;09:00:00;20.1;G;;
2023-09-12;10:00:00;20.3;G;;
2023-09-12;11:00:00;19.5;G;;
2023-09-12;12:00:00;17.5;G;;
2023-09-12;13:00:00;15.5;G;;
2023-09-12;14:00:00;14.8;G;;
2023-09-12;15:00:00;15.2;G;;
2023-09-12;16:00:00;14.0;G;;
2023-09-12;17:00:00;12.5;G;;
2023-09-12;18:00:00;11.7;G;;
2023-09-12;19:00:00;11.8;G;;
2023-09-12;20:00:00;10.8;G;;
2023-09-12;21:00:00;8.7;G;;
2023-09-12;22:00:00;9.1;G;;
2023-09-12;23:00:00;8.6;G;;
2023-09-13;00:00:00;7.1;G;;
2023-09-13;01:00:00;6.3;G;;
2023-09-13;02:00:00;6.4;G;;
2023-09-13;03:00:00;6.3;G;;
2023-09-13;04:00:00;5.8;G;;
2023-09-13;05:00:00;6.1;G;;
2023-09-13;06:00:00;7.5;G;;
2023-09-13;07:00:00;8.9;G;;
2023-09-13;08:00:00;10.2;G;;
2023-09-13;09:00:00;11.7;G;;
2023-09-13;10:00:00;13.0;G;;
2023-09-13;11:00:00;14.6;G;;
2023-09-13;12:00:00;15.2;G;;
2023-09-13;13:00:00;14.9;G;;
2023-09-13;14:00:00;15.7;G;;
2023-09-13;15:00:00;14.9;G;;
2023-09-13;16:00:00;13.5;G;;
2023-09-13;17:00:00;12.6;G;;
2023-09-13;18:00:00;11.1;G;;
2023-09-13;19:00:00;8.4;G;;
2023-09-13;20:00:00;8.0;G;;
2023-09-13;21:00:00;5.8;G;;
2023-09-13;22:00:00;4.7;G;;
2023-09-13;23:00:00;3.1;G;;
2023-09-14;00:00:00;3.1;G;;
2023-09-14;01:00:00;2.1;G;;
2023-09-14;02:00:00;1.3;G;;
2023-09-14;03:00:00;1.0;G;;
2023-09-14;04:00:00;0.4;G;;
2023-09-14;05:00:00;0.4;G;;
2023-09-14;06:00:00;3.7;G;;
2023-09-14;07:00:00;6.1;G;;
2023-09-14;08:00:00;7.7;G;;
2023-09-14;09:00:00;8.9;G;;
2023-09-14;10:00:00;10.5;G;;
2023-09-14;11:00:00;11.4;G;;
2023-09-14;12:00:00;11.2;G;;
2023-09-14;13:00:00;11.5;G;;
2023-09-14;14:00:00;12.2;G;;
2023-09-14;15:00:00;11.5;G;;
2023-09-14;16:00:00;11.7;G;;
2023-09-14;17:00:00;10.0;G;;
2023-09-14;18:00:00;5.5;G;;
2023-09-14;19:00:00;4.6;G;;
2023-09-14;20:00:00;3.6;G;;
2023-09-14;21:00:00;2.1;G;;
2023-09-14;22:00:00;1.3;G;;
2023-09-14;23:00:00;2.7;G;;
2023-09-15;00:00:00;4.2;G;;
2023-09-15;01:00:00;5.2;G;;
2023-09-15;02:00:00;4.9;G;;
2023-09-15;03:00:00;5.6;G;;
2023-09-15;04:00:00;5.8;G;;
2023-09-15;05:00:00;6.9;G;;
2023-09-15;06:00:00;7.9;G;;
2023-09-15;07:00:00;9.8;G;;
2023-09-15;08:00:00;11.6;G;;
2023-09-15;09:00:00;11.9;G;;
2023-09-15;10:00:00;13.3;G;;
2023-09-15;11:00:00;15.1;G;;
2023-09-15;12:00:00;15.6;G;;
2023-09-15;13:00:00;15.9;G;;
2023-09-15;14:00:00;15.7;G;;
2023-09-15;15:00:00;15.8;G;;
2023-09-15;16:00:00;15.5;G;;
2023-09-15;17:00:00;14.9;G;;
2023-09-15;18:00:00;14.7;G;;
2023-09-15;19:00:00;14.7;G;;
2023-09-15;20:00:00;13.5;G;;
2023-09-15;21:00:00;11.6;G;;
2023-09-15;22:00:00;10.9;G;;
2023-09-15;23:00:00;10.8;G;;
2023-09-16;00:00:00;10.9;G;;
2023-09-16;01:00:00;10.9;G;;
2023-09-16;02:00:00;10.8;G;;
2023-09-16;03:00:00;11.0;G;;
2023-09-16;04:00:00;11.3;G;;
2023-09-16;05:00:00;13.0;G;;
2023-09-16;06:00:00;13.1;G;;
2023-09-16;07:00:00;14.0;G;;
2023-09-16;08:00:00;13.9;G;;
2023-09-16;09:00:00;14.5;G;;
2023-09-16;10:00:00;14.3;G;;
2023-09-16;11:00:00;14.3;G;;
2023-09-16;12:00:00;14.2;G;;
2023-09-16;13:00:00;14.7;G;;
2023-09-16;14:00:00;14.8;G;;
2023-09-16;15:00:00;10.8;G;;
2023-09-16;16:00:00;9.8;G;;
2023-09-16;17:00:00;9.5;G;;
2023-09-16;18:00:00;9.3;G;;
2023-09-16;19:00:00;9.2;G;;
2023-09-16;20:00:00;8.8;G;;
2023-09-16;21:00:00;8.5;G;;
2023-09-16;22:00:00;8.3;G;;
2023-09-16;23:00:00;8.2;G;;
2023-09-17;00:00:00;7.6;G;;
2023-09-17;01:00:00;6.6;G;;
2023-09-17;02:00:00;6.0;G;;
2023-09-17;03:00:00;5.1;G;;
2023-09-17;04:00:00;5.1;G;;
2023-09-17;05:00:00;4.9;G;;
2023-09-17;06:00:00;6.7;G;;
2023-09-17;07:00:00;8.7;G;;
2023-09-17;08:00:00;9.0;G;;
2023-09-17;09:00:00;10.2;G;;
2023-09-17;10:00:00;11.0;G;;
2023-09-17;11:00:00;12.2;G;;
2023-09-17;12:00:00;12.6;G;;
2023-09-17;13:00:00;13.8;G;;
2023-09-17;14:00:00;13.2;G;;
2023-09-17;15:00:00;13.1;G;;
2023-09-17;16:00:00;12.0;G;;
2023-09-17;17:00:00;10.1;G;;
2023-09-17;18:00:00;6.6;G;;
2023-09-17;19:00:00;6.5;G;;
2023-09-17;20:00:00;3.9;G;;
2023-09-17;21:00:00;2.6;G;;
2023-09-17;22:00:00;1.4;G;;
2023-09-17;23:00:00;0.2;G;;
2023-09-18;00:00:00;0.5;G;;
2023-09-18;01:00:00;-0.2;G;;
2023-09-18;02:00:00;0.9;G;;
2023-09-18;03:00:00;2.2;G;;
2023-09-18;04:00:00;2.8;G;;
2023-09-18;05:00:00;2.7;G;;
2023-09-18;06:00:00;3.1;G;;
2023-09-18;07:00:00;3.8;G;;
2023-09-18;08:00:00;5.4;G;;
2023-09-18;09:00:00;7.0;G;;
2023-09-18;10:00:00;9.7;G;;
2023-09-18;11:00:00;11.1;G;;
2023-09-18;12:00:00;12.1;G;;
2023-09-18;13:00:00;13.0;G;;
2023-09-18;14:00:00;12.7;G;;
2023-09-18;15:00:00;12.9;G;;
2023-09-18;16:00:00;13.3;G;;
2023-09-18;17:00:00;13.1;G;;
2023-09-18;18:00:00;12.8;G;;
2023-09-18;19:00:00;12.6;G;;
2023-09-18;20:00:00;11.9;G;;
2023-09-18;21:00:00;11.3;G;;
2023-09-18;22:00:00;11.4;G;;
2023-09-18;23:00:00;11.7;G;;
2023-09-19;00:00:00;12.1;G;;
2023-09-19;01:00:00;12.5;G;;
2023-09-19;02:00:00;12.8;G;;
2023-09-19;03:00:00;13.2;G;;
2023-09-19;04:00:00;13.5;G;;
2023-09-19;05:00:00;13.8;G;;
2023-09-19;06:00:00;14.2;G;;
2023-09-19;07:00:00;14.6;G;;
2023-09-19;08:00:00;15.1;G;;
2023-09-19;09:00:00;16.2;G;;
2023-09-19;10:00:00;15.2;G;;
2023-09-19;11:00:00;13.7;G;;
2023-09-19;12:00:00;15.0;G;;
2023-09-19;13:00:00;15.5;G;;
2023-09-19;14:00:00;14.2;G;;
2023-09-19;15:00:00;13.0;G;;
2023-09-19;16:00:00;12.9;G;;
2023-09-19;17:00:00;12.0;G;;
2023-09-19;18:00:00;11.8;G;;
2023-09-19;19:00:00;11.6;G;;
2023-09-19;20:00:00;11.0;G;;
2023-09-19;21:00:00;10.6;G;;
2023-09-19;22:00:00;10.4;G;;
2023-09-19;23:00:00;10.1;G;;
2023-09-20;00:00:00;10.1;G;;
2023-09-20;01:00:00;9.4;G;;
2023-09-20;02:00:00;9.0;G;;
2023-09-20;03:00:00;8.8;G;;
2023-09-20;04:00:00;8.1;G;;
2023-09-20;05:00:00;8.1;G;;
2023-09-20;06:00:00;8.6;G;;
2023-09-20;07:00:00;9.6;G;;
2023-09-20;08:00:00;10.1;G;;
2023-09-20;09:00:00;11.1;G;;
2023-09-20;10:00:00;11.7;G;;
2023-09-20;11:00:00;12.7;G;;
2023-09-20;12:00:00;11.1;G;;
2023-09-20;13:00:00;10.3;G;;
2023-09-20;14:00:00;10.7;G;;
2023-09-20;15:00:00;10.9;G;;
2023-09-20;16:00:00;10.9;G;;
2023-09-20;17:00:00;11.3;G;;
2023-09-20;18:00:00;11.6;G;;
2023-09-20;19:00:00;13.2;G;;
2023-09-20;20:00:00;15.3;G;;
2023-09-20;21:00:00;15.5;G;;
2023-09-20;22:00:00;15.6;G;;
2023-09-20;23:00:00;15.9;G;;
2023-09-21;00:00:00;15.9;G;;
2023-09-21;01:00:00;16.2;G;;
2023-09-21;02:00:00;16.5;G;;
2023-09-21;03:00:00;16.2;G;;
2023-09-21;04:00:00;16.4;G;;
2023-09-21;05:00:00;16.1;G;;
2023-09-21;06:00:00;16.5;G;;
2023-09-21;07:00:00;16.6;G;;
2023-09-21;08:00:00;17.2;G;;
2023-09-21;09:00:00;17.1;G;;
2023-09-21;10:00:00;18.6;G;;
2023-09-21;11:00:00;18.3;G;;
2023-09-21;12:00:00;19.5;G;;
2023-09-21;13:00:00;20.0;G;;
2023-09-21;14:00:00;19.5;G;;
2023-09-21;15:00:00;20.1;G;;
2023-09-21;16:00:00;18.9;G;;
2023-09-21;17:00:00;18.4;G;;
2023-09-21;18:00:00;18.5;G;;
2023-09-21;19:00:00;18.3;G;;
2023-09-21;20:00:00;18.6;G;;
2023-09-21;21:00:00;18.0;G;;
2023-09-21;22:00:00;17.6;G;;
2023-09-21;23:00:00;17.2;G;;
2023-09-22;00:00:00;15.0;G;;
2023-09-22;01:00:00;15.2;G;;
2023-09-22;02:00:00;14.9;G;;
2023-09-22;03:00:00;14.5;G;;
2023-09-22;04:00:00;14.3;G;;
2023-09-22;05:00:00;14.0;G;;
2023-09-22;06:00:00;14.2;G;;
2023-09-22;07:00:00;14.9;G;;
2023-09-22;08:00:00;15.7;G;;
2023-09-22;09:00:00;16.1;G;;
2023-09-22;10:00:00;17.8;G;;
2023-09-22;11:00:00;18.7;G;;
2023-09-22;12:00:00;18.2;G;;
2023-09-22;13:00:00;16.7;G;;
2023-09-22;14:00:00;17.0;G;;
2023-09-22;15:00:00;16.5;G;;
2023-09-22;16:00:00;15.0;G;;
2023-09-22;17:00:00;14.8;G;;
2023-09-22;18:00:00;14.5;G;;
2023-09-22;19:00:00;14.3;G;;
2023-09-22;20:00:00;14.4;G;;
2023-09-22;21:00:00;13.3;G;;
2023-09-22;22:00:00;12.6;G;;
2023-09-22;23:00:00;11.9;G;;
2023-09-23;00:00:00;11.0;G;;
2023-09-23;01:00:00;10.7;G;;
2023-09-23;02:00:00;10.5;G;;
2023-09-23;03:00:00;10.1;G;;
2023-09-23;04:00:00;10.0;G;;
2023-09-23;05:00:00;10.5;G;;
2023-09-23;06:00:00;10.8;G;;
2023-09-23;07:00:00;11.4;G;;
2023-09-23;08:00:00;12.4;G;;
2023-09-23;09:00:00;13.4;G;;
2023-09-23;10:00:00;14.6;G;;
2023-09-23;11:00:00;15.9;G;;
2023-09-23;12:00:00;16.9;G;;
2023-09-23;13:00:00;15.7;G;;
2023-09-23;14:00:00;15.5;G;;
2023-09-23;15:00:00;14.8;G;;
2023-09-23;16:00:00;14.2;G;;
2023-09-23;17:00:00;13.1;G;;
2023-09-23;18:00:00;12.1;G;;
2023-09-23;19:00:00;11.3;G;;
2023-09-23;20:00:00;9.5;G;;
2023-09-23;21:00:00;10.5;G;;
2023-09-23;22:00:00;9.8;G;;
2023-09-23;23:00:00;9.0;G;;
2023-09-24;00:00:00;10.0;G;;
2023-09-24;01:00:00;8.7;G;;
2023-09-24;02:00:00;7.3;G;;
2023-09-24;03:00:00;8.0;G;;
2023-09-24;04:00:00;7.5;G;;
2023-09-24;05:00:00;6.4;G;;
2023-09-24;06:00:00;7.3;G;;
2023-09-24;07:00:00;8.7;G;;
2023-09-24;08:00:00;10.2;G;;
2023-09-24;09:00:00;11.6;G;;
2023-09-24;10:00:00;13.9;G;;
2023-09-24;11:00:00;12.5;G;;
2023-09-24;12:00:00;13.9;G;;
2023-09-24;13:00:00;15.8;G;;
2023-09-24;14:00:00;15.7;G;;
2023-09-24;15:00:00;15.3;G;;
2023-09-24;16:00:00;13.5;G;;
2023-09-24;17:00:00;10.3;G;;
2023-09-24;18:00:00;9.3;G;;
2023-09-24;19:00:00;9.5;G;;
2023-09-24;20:00:00;9.4;G;;
2023-09-24;21:00:00;10.4;G;;
2023-09-24;22:00:00;10.6;G;;
2023-09-24;23:00:00;11.3;G;;
2023-09-25;00:00:00;11.9;G;;
2023-09-25;01:00:00;12.5;G;;
2023-09-25;02:00:00;13.0;G;;
2023-09-25;03:00:00;13.2;G;;
2023-09-25;04:00:00;13.3;G;;
2023-09-25;05:00:00;13.4;G;;
2023-09-25;06:00:00;13.6;G;;
2023-09-25;07:00:00;13.2;G;;
2023-09-25;08:00:00;13.9;G;;
2023-09-25;09:00:00;13.5;G;;
2023-09-25;10:00:00;13.6;G;;
2023-09-25;11:00:00;14.5;G;;
2023-09-25;12:00:00;15.0;G;;
2023-09-25;13:00:00;15.6;G;;
2023-09-25;14:00:00;16.3;G;;
2023-09-25;15:00:00;16.0;G;;
2023-09-25;16:00:00;15.3;G;;
2023-09-25;17:00:00;15.0;G;;
2023-09-25;18:00:00;14.7;G;;
2023-09-25;19:00:00;14.7;G;;
2023-09-25;20:00:00;14.7;G;;
2023-09-25;21:00:00;14.2;G;;
2023-09-25;22:00:00;14.1;G;;
2023-09-25;23:00:00;13.8;G;;
2023-09-26;00:00:00;13.5;G;;
2023-09-26;01:00:00;12.2;G;;
2023-09-26;02:00:00;13.1;G;;
2023-09-26;03:00:00;12.7;G;;
2023-09-26;04:00:00;12.5;G;;
2023-09-26;05:00:00;12.4;G;;
2023-09-26;06:00:00;12.7;G;;
2023-09-26;07:00:00;13.0;G;;
2023-09-26;08:00:00;13.6;G;;
2023-09-26;09:00:00;14.0;G;;
2023-09-26;10:00:00;14.7;G;;
2023-09-26;11:00:00;16.4;G;;
2023-09-26;12:00:00;17.3;G;;
2023-09-26;13:00:00;17.1;G;;
2023-09-26;14:00:00;17.2;G;;
2023-09-26;15:00:00;16.5;G;;
2023-09-26;16:00:00;15.0;G;;
2023-09-26;17:00:00;13.0;G;;
2023-09-26;18:00:00;11.2;G;;
2023-09-26;19:00:00;8.9;G;;
2023-09-26;20:00:00;8.7;G;;
2023-09-26;21:00:00;7.7;G;;
2023-09-26;22:00:00;7.7;G;;
2023-09-26;23:00:00;8.4;G;;
2023-09-27;00:00:00;9.5;G;;
2023-09-27;01:00:00;8.6;G;;
2023-09-27;02:00:00;9.6;G;;
2023-09-27;03:00:00;9.6;G;;
2023-09-27;04:00:00;10.4;G;;
2023-09-27;05:00:00;10.0;G;;
2023-09-27;06:00:00;8.7;G;;
2023-09-27;07:00:00;10.4;G;;
2023-09-27;08:00:00;10.8;G;;
2023-09-27;09:00:00;12.1;G;;
2023-09-27;10:00:00;12.4;G;;
2023-09-27;11:00:00;14.3;G;;
2023-09-27;12:00:00;14.8;G;;
2023-09-27;13:00:00;15.6;G;;
2023-09-27;14:00:00;15.4;G;;
2023-09-27;15:00:00;15.7;G;;
2023-09-27;16:00:00;15.0;G;;
2023-09-27;17:00:00;13.5;G;;
2023-09-27;18:00:00;12.7;G;;
2023-09-27;19:00:00;11.7;G;;
2023-09-27;20:00:00;11.6;G;;
2023-09-27;21:00:00;9.5;G;;
2023-09-27;22:00:00;9.6;G;;
2023-09-27;23:00:00;8.6;G;;
2023-09-28;00:00:00;6.9;G;;
2023-09-28;01:00:00;8.3;G;;
2023-09-28;02:00:00;8.7;G;;
2023-09-28;03:00:00;8.4;G;;
2023-09-28;04:00:00;8.5;G;;
2023-09-28;05:00:00;8.2;G;;
2023-09-28;06:00:00;8.5;G;;
2023-09-28;07:00:00;9.2;G;;
2023-09-28;08:00:00;10.1;G;;
2023-09-28;09:00:00;12.3;G;;
2023-09-28;10:00:00;13.0;G;;
2023-09-28;11:00:00;12.7;G;;
2023-09-28;12:00:00;12.8;G;;
2023-09-28;13:00:00;13.5;G;;
2023-09-28;14:00:00;13.8;G;;
2023-09-28;15:00:00;14.0;G;;
2023-09-28;16:00:00;14.3;G;;
2023-09-28;17:00:00;13.8;G;;
2023-09-28;18:00:00;14.3;G;;
2023-09-28;19:00:00;14.6;G;;
2023-09-28;20:00:00;16.2;G;;
2023-09-28;21:00:00;15.3;G;;
2023-09-28;22:00:00;15.0;G;;
2023-09-28;23:00:00;14.9;G;;
2023-09-29;00:00:00;14.4;G;;
2023-09-29;01:00:00;14.4;G;;
2023-09-29;02:00:00;14.3;G;;
2023-09-29;03:00:00;13.9;G;;
2023-09-29;04:00:00;13.9;G;;
2023-09-29;05:00:00;13.5;G;;
2023-09-29;06:00:00;13.8;G;;
2023-09-29;07:00:00;14.0;G;;
2023-09-29;08:00:00;14.1;G;;
2023-09-29;09:00:00;14.5;G;;
2023-09-29;10:00:00;14.7;G;;
2023-09-29;11:00:00;15.8;G;;
2023-09-29;12:00:00;16.6;G;;
2023-09-29;13:00:00;15.2;G;;
2023-09-29;14:00:00;15.2;G;;
2023-09-29;15:00:00;15.8;G;;
2023-09-29;16:00:00;14.6;G;;
2023-09-29;17:00:00;13.8;G;;
2023-09-29;18:00:00;12.8;G;;
2023-09-29;19:00:00;12.8;G;;
2023-09-29;20:00:00;12.3;G;;
2023-09-29;21:00:00;10.6;G;;
2023-09-29;22:00:00;9.9;G;;
2023-09-29;23:00:00;9.8;G;;
2023-09-30;00:00:00;10.6;G;;
2023-09-30;01:00:00;10.8;G;;
2023-09-30;02:00:00;9.6;G;;
2023-09-30;03:00:00;7.6;G;;
2023-09-30;04:00:00;8.4;G;;
2023-09-30;05:00:00;7.9;G;;
2023-09-30;06:00:00;9.0;G;;
2023-09-30;07:00:00;10.8;G;;
2023-09-30;08:00:00;12.1;G;;
2023-09-30;09:00:00;13.1;G;;
2023-09-30;10:00:00;14.2;G;;
2023-09-30;11:00:00;15.8;G;;
2023-09-30;12:00:00;16.5;G;;
2023-09-30;13:00:00;16.0;G;;
2023-09-30;14:00:00;16.0;G;;
2023-09-30;15:00:00;15.3;G;;
2023-09-30;16:00:00;12.8;G;;
2023-09-30;17:00:00;11.6;G;;
2023-09-30;18:00:00;9.7;G;;
2023-09-30;19:00:00;8.3;G;;
2023-09-30;20:00:00;8.7;G;;
2023-09-30;21:00:00;8.5;G;;
2023-09-30;22:00:00;7.2;G;;
2023-09-30;23:00:00;6.8;G;;
2023-10-01;00:00:00;5.7;G;;
2023-10-01;01:00:00;3.2;G;;
2023-10-01;02:00:00;6.2;G;;
2023-10-01;03:00:00;6.8;G;;
2023-10-01;04:00:00;6.9;G;;
2023-10-01;05:00:00;7.1;G;;
2023-10-01;06:00:00;7.1;G;;
2023-10-01;07:00:00;8.9;G;;
2023-10-01;08:00:00;10.8;G;;
2023-10-01;09:00:00;12.5;G;;
2023-10-01;10:00:00;14.4;G;;
2023-10-01;11:00:00;14.9;G;;
2023-10-01;12:00:00;15.5;G;;
2023-10-01;13:00:00;15.4;G;;
2023-10-01;14:00:00;15.3;G;;
2023-10-01;15:00:00;14.5;G;;
2023-10-01;16:00:00;12.1;G;;
2023-10-01;17:00:00;8.8;G;;
2023-10-01;18:00:00;8.1;G;;
2023-10-01;19:00:00;5.1;G;;
2023-10-01;20:00:00;4.0;G;;
2023-10-01;21:00:00;5.5;G;;
2023-10-01;22:00:00;5.6;G;;
2023-10-01;23:00:00;5.9;G;;
2023-10-02;00:00:00;5.4;G;;
2023-10-02;01:00:00;4.0;G;;
2023-10-02;02:00:00;3.2;G;;
2023-10-02;03:00:00;3.3;G;;
2023-10-02;04:00:00;4.9;G;;
2023-10-02;05:00:00;5.1;G;;
2023-10-02;06:00:00;5.6;G;;
2023-10-02;07:00:00;5.8;G;;
2023-10-02;08:00:00;6.4;G;;
2023-10-02;09:00:00;7.4;G;;
2023-10-02;10:00:00;8.6;G;;
2023-10-02;11:00:00;10.0;G;;
2023-10-02;12:00:00;10.4;G;;
2023-10-02;13:00:00;10.6;G;;
2023-10-02;14:00:00;10.5;G;;
2023-10-02;15:00:00;10.7;G;;
2023-10-02;16:00:00;10.5;G;;
2023-10-02;17:00:00;9.8;G;;
2023-10-02;18:00:00;8.7;G;;
2023-10-02;19:00:00;7.5;G;;
2023-10-02;20:00:00;6.1;G;;
2023-10-02;21:00:00;5.0;G;;
2023-10-02;22:00:00;4.8;G;;
2023-10-02;23:00:00;5.2;G;;
2023-10-03;00:00:00;0.6;G;;
2023-10-03;01:00:00;2.0;G;;
2023-10-03;02:00:00;0.1;G;;
2023-10-03;03:00:00;1.0;G;;
2023-10-03;04:00:00;0.3;G;;
2023-10-03;05:00:00;1.8;G;;
2023-10-03;06:00:00;2.3;G;;
2023-10-03;07:00:00;3.4;G;;
2023-10-03;08:00:00;4.3;G;;
2023-10-03;09:00:00;5.0;G;;
2023-10-03;10:00:00;5.7;G;;
2023-10-03;11:00:00;6.6;G;;
2023-10-03;12:00:00;8.0;G;;
2023-10-03;13:00:00;9.1;G;;
2023-10-03;14:00:00;9.9;G;;
2023-10-03;15:00:00;9.8;G;;
2023-10-03;16:00:00;7.8;G;;
2023-10-03;17:00:00;5.3;G;;
2023-10-03;18:00:00;4.0;G;;
2023-10-03;19:00:00;3.9;G;;
2023-10-03;20:00:00;3.1;G;;
2023-10-03;21:00:00;2.2;G;;
2023-10-03;22:00:00;2.2;G;;
2023-10-03;23:00:00;4.4;G;;
2023-10-04;00:00:00;4.0;G;;
2023-10-04;01:00:00;4.4;G;;
2023-10-04;02:00:00;3.3;G;;
2023-10-04;03:00:00;1.2;G;;
2023-10-04;04:00:00;2.8;G;;
2023-10-04;05:00:00;-0.3;G;;
2023-10-04;06:00:00;0.1;G;;
2023-10-04;07:00:00;2.5;G;;
2023-10-04;08:00:00;6.0;G;;
2023-10-04;09:00:00;9.9;G;;
2023-10-04;10:00:00;12.5;G;;
2023-10-04;11:00:00;13.6;G;;
2023-10-04;12:00:00;14.7;G;;
2023-10-04;13:00:00;14.7;G;;
2023-10-04;14:00:00;13.9;G;;
2023-10-04;15:00:00;13.2;G;;
2023-10-04;16:00:00;12.1;G;;
2023-10-04;17:00:00;9.2;G;;
2023-10-04;18:00:00;7.3;G;;
2023-10-04;19:00:00;4.8;G;;
2023-10-04;20:00:00;2.9;G;;
2023-10-04;21:00:00;3.0;G;;
2023-10-04;22:00:00;1.9;G;;
2023-10-04;23:00:00;0.3;G;;
2023-10-05;00:00:00;0.7;G;;
2023-10-05;01:00:00;-0.0;G;;
2023-10-05;02:00:00;0.6;G;;
2023-10-05;03:00:00;-0.1;G;;
2023-10-05;04:00:00;-0.7;G;;
2023-10-05;05:00:00;-0.4;G;;
2023-10-05;06:00:00;0.5;G;;
2023-10-05;07:00:00;3.0;G;;
2023-10-05;08:00:00;5.0;G;;
2023-10-05;09:00:00;6.1;G;;
2023-10-05;10:00:00;7.5;G;;
2023-10-05;11:00:00;8.4;G;;
2023-10-05;12:00:00;8.5;G;;
2023-10-05;13:00:00;9.2;G;;
2023-10-05;14:00:00;9.2;G;;
2023-10-05;15:00:00;8.9;G;;
2023-10-05;16:00:00;6.3;G;;
2023-10-05;17:00:00;3.5;G;;
2023-10-05;18:00:00;2.8;G;;
2023-10-05;19:00:00;2.5;G;;
2023-10-05;20:00:00;-1.0;G;;
2023-10-05;21:00:00;-1.4;G;;
2023-10-05;22:00:00;-1.9;G;;
2023-10-05;23:00:00;-2.8;G;;
2023-10-06;00:00:00;-3.1;G;;
2023-10-06;01:00:00;-2.5;G;;
2023-10-06;02:00:00;-3.4;G;;
2023-10-06;03:00:00;-2.5;G;;
2023-10-06;04:00:00;-2.4;G;;
2023-10-06;05:00:00;-1.5;G;;
2023-10-06;06:00:00;-1.4;G;;
2023-10-06;07:00:00;-0.2;G;;
2023-10-06;08:00:00;1.0;G;;
2023-10-06;09:00:00;1.8;G;;
2023-10-06;10:00:00;2.3;G;;
2023-10-06;11:00:00;3.2;G;;
2023-10-06;12:00:00;6.3;G;;
2023-10-06;13:00:00;7.0;G;;
2023-10-06;14:00:00;7.4;G;;
2023-10-06;15:00:00;7.7;G;;
2023-10-06;16:00:00;7.3;G;;
2023-10-06;17:00:00;6.8;G;;
2023-10-06;18:00:00;6.4;G;;
2023-10-06;19:00:00;5.9;G;;
2023-10-06;20:00:00;4.8;G;;
2023-10-06;21:00:00;4.0;G;;
2023-10-06;22:00:00;4.0;G;;
2023-10-06;23:00:00;3.1;G;;
2023-10-07;00:00:00;3.4;G;;
2023-10-07;01:00:00;3.9;G;;
2023-10-07;02:00:00;4.1;G;;
2023-10-07;03:00:00;3.4;G;;
2023-10-07;04:00:00;2.7;G;;
2023-10-07;05:00:00;2.4;G;;
2023-10-07;06:00:00;2.6;G;;
2023-10-07;07:00:00;4.1;G;;
2023-10-07;08:00:00;5.5;G;;
2023-10-07;09:00:00;6.4;G;;
2023-10-07;10:00:00;7.0;G;;
2023-10-07;11:00:00;7.0;G;;
2023-10-07;12:00:00;7.7;G;;
2023-10-07;13:00:00;7.3;G;;
2023-10-07;14:00:00;6.9;G;;
2023-10-07;15:00:00;6.1;G;;
2023-10-07;16:00:00;4.7;G;;
2023-10-07;17:00:00;3.9;G;;
2023-10-07;18:00:00;3.8;G;;
2023-10-07;19:00:00;3.6;G;;
2023-10-07;20:00:00;3.4;G;;
2023-10-07;21:00:00;3.2;G;;
2023-10-07;22:00:00;3.1;G;;
2023-10-07;23:00:00;3.0;G;;
2023-10-08;00:00:00;3.0;G;;
2023-10-08;01:00:00;2.9;G;;
2023-10-08;02:00:00;3.1;G;;
2023-10-08;03:00:00;3.2;G;;
2023-10-08;04:00:00;3.2;G;;
2023-10-08;05:00:00;3.1;G;;
2023-10-08;06:00:00;3.4;G;;
2023-10-08;07:00:00;4.4;G;;
2023-10-08;08:00:00;5.6;G;;
2023-10-08;09:00:00;6.8;G;;
2023-10-08;10:00:00;7.8;G;;
2023-10-08;11:00:00;8.4;G;;
2023-10-08;12:00:00;8.6;G;;
2023-10-08;13:00:00;7.7;G;;
2023-10-08;14:00:00;7.5;G;;
2023-10-08;15:00:00;6.8;G;;
2023-10-08;16:00:00;4.9;G;;
2023-10-08;17:00:00;3.4;G;;
2023-10-08;18:00:00;2.2;G;;
2023-10-08;19:00:00;1.9;G;;
2023-10-08;20:00:00;2.3;G;;
2023-10-08;21:00:00;1.4;G;;
2023-10-08;22:00:00;1.4;G;;
2023-10-08;23:00:00;1.6;G;;
2023-10-09;00:00:00;1.8;G;;
2023-10-09;01:00:00;1.8;G;;
2023-10-09;02:00:00;1.1;G;;
2023-10-09;03:00:00;0.9;G;;
2023-10-09;04:00:00;-0.3;G;;
2023-10-09;05:00:00;-0.6;G;;
2023-10-09;06:00:00;-2.1;G;;
2023-10-09;07:00:00;0.9;G;;
2023-10-09;08:00:00;4.0;G;;
2023-10-09;09:00:00;6.2;G;;
2023-10-09;10:00:00;7.1;G;;
2023-10-09;11:00:00;7.8;G;;
2023-10-09;12:00:00;9.3;G;;
2023-10-09;13:00:00;8.9;G;;
2023-10-09;14:00:00;8.7;G;;
2023-10-09;15:00:00;9.0;G;;
2023-10-09;16:00:00;4.9;G;;
2023-10-09;17:00:00;3.0;G;;
2023-10-09;18:00:00;2.1;G;;
2023-10-09;19:00:00;2.7;G;;
2023-10-09;20:00:00;2.1;G;;
2023-10-09;21:00:00;1.3;G;;
2023-10-09;22:00:00;0.9;G;;
2023-10-09;23:00:00;0.3;G;;
2023-10-10;00:00:00;0.5;G;;
2023-10-10;01:00:00;-0.2;G;;
2023-10-10;02:00:00;0.2;G;;
2023-10-10;03:00:00;0.6;G;;
2023-10-10;04:00:00;1.2;G;;
2023-10-10;05:00:00;1.5;G;;
2023-10-10;06:00:00;2.1;G;;
2023-10-10;07:00:00;2.4;G;;
2023-10-10;08:00:00;4.5;G;;
2023-10-10;09:00:00;7.0;G;;
2023-10-10;10:00:00;8.3;G;;
2023-10-10;11:00:00;9.2;G;;
2023-10-10;12:00:00;9.3;G;;
2023-10-10;13:00:00;10.2;G;;
2023-10-10;14:00:00;10.2;G;;
2023-10-10;15:00:00;9.3;G;;
2023-10-10;16:00:00;9.1;G;;
2023-10-10;17:00:00;9.2;G;;
2023-10-10;18:00:00;8.5;G;;
2023-10-10;19:00:00;8.7;G;;
2023-10-10;20:00:00;9.2;G;;
2023-10-10;21:00:00;9.8;G;;
2023-10-10;22:00:00;11.3;G;;
2023-10-10;23:00:00;12.5;G;;
2023-10-11;00:00:00;12.9;G;;
2023-10-11;01:00:00;13.0;G;;
2023-10-11;02:00:00;13.7;G;;
2023-10-11;03:00:00;13.7;G;;
2023-10-11;04:00:00;13.5;G;;
2023-10-11;05:00:00;13.2;G;;
2023-10-11;06:00:00;13.4;G;;
2023-10-11;07:00:00;14.3;G;;
2023-10-11;08:00:00;14.0;G;;
2023-10-11;09:00:00;14.3;G;;
2023-10-11;10:00:00;11.6;G;;
2023-10-11;11:00:00;12.7;G;;
2023-10-11;12:00:00;12.7;G;;
2023-10-11;13:00:00;13.2;G;;
2023-10-11;14:00:00;12.7;G;;
2023-10-11;15:00:00;11.7;G;;
2023-10-11;16:00:00;10.8;G;;
2023-10-11;17:00:00;9.3;G;;
2023-10-11;18:00:00;9.2;G;;
2023-10-11;19:00:00;9.1;G;;
2023-10-11;20:00:00;8.7;G;;
2023-10-11;21:00:00;8.3;G;;
2023-10-11;22:00:00;8.3;G;;
2023-10-11;23:00:00;8.1;G;;
2023-10-12;00:00:00;7.3;G;;
2023-10-12;01:00:00;6.6;G;;
2023-10-12;02:00:00;5.4;G;;
2023-10-12;03:00:00;5.1;G;;
2023-10-12;04:00:00;3.4;G;;
2023-10-12;05:00:00;2.5;G;;
2023-10-12;06:00:00;4.5;G;;
2023-10-12;07:00:00;4.9;G;;
2023-10-12;08:00:00;7.2;G;;
2023-10-12;09:00:00;9.4;G;;
2023-10-12;10:00:00;10.7;G;;
2023-10-12;11:00:00;11.4;G;;
2023-10-12;12:00:00;11.4;G;;
2023-10-12;13:00:00;11.7;G;;
2023-10-12;14:00:00;11.5;G;;
2023-10-12;15:00:00;10.6;G;;
2023-10-12;16:00:00;9.1;G;;
2023-10-12;17:00:00;8.2;G;;
2023-10-12;18:00:00;7.0;G;;
2023-10-12;19:00:00;5.5;G;;
2023-10-12;20:00:00;4.4;G;;
2023-10-12;21:00:00;5.1;G;;
2023-10-12;22:00:00;3.7;G;;
2023-10-12;23:00:00;3.9;G;;
2023-10-13;00:00:00;2.2;G;;
2023-10-13;01:00:00;2.6;G;;
2023-10-13;02:00:00;2.8;G;;
2023-10-13;03:00:00;1.1;G;;
2023-10-13;04:00:00;0.8;G;;
2023-10-13;05:00:00;0.3;G;;
2023-10-13;06:00:00;1.2;G;;
2023-10-13;07:00:00;0.8;G;;
2023-10-13;08:00:00;4.2;G;;
2023-10-13;09:00:00;5.1;G;;
2023-10-13;10:00:00;6.3;G;;
2023-10-13;11:00:00;7.7;G;;
2023-10-13;12:00:00;7.9;G;;
2023-10-13;13:00:00;8.8;G;;
2023-10-13;14:00:00;8.6;G;;
2023-10-13;15:00:00;8.1;G;;
2023-10-13;16:00:00;7.9;G;;
2023-10-13;17:00:00;7.3;G;;
2023-10-13;18:00:00;6.4;G;;
2023-10-13;19:00:00;6.2;G;;
2023-10-13;20:00:00;6.1;G;;
2023-10-13;21:00:00;6.1;G;;
2023-10-13;22:00:00;6.0;G;;
2023-10-13;23:00:00;5.7;G;;
2023-10-14;00:00:00;5.7;G;;
2023-10-14;01:00:00;6.0;G;;
2023-10-14;02:00:00;7.3;G;;
2023-10-14;03:00:00;6.4;G;;
2023-10-14;04:00:00;6.7;G;;
2023-10-14;05:00:00;6.2;G;;
2023-10-14;06:00:00;5.5;G;;
2023-10-14;07:00:00;5.8;G;;
2023-10-14;08:00:00;6.5;G;;
2023-10-14;09:00:00;7.5;G;;
2023-10-14;10:00:00;7.8;G;;
2023-10-14;11:00:00;7.8;G;;
2023-10-14;12:00:00;7.9;G;;
2023-10-14;13:00:00;7.7;G;;
2023-10-14;14:00:00;7.6;G;;
2023-10-14;15:00:00;5.9;G;;
2023-10-14;16:00:00;5.9;G;;
2023-10-14;17:00:00;6.2;G;;
2023-10-14;18:00:00;6.6;G;;
2023-10-14;19:00:00;7.0;G;;
2023-10-14;20:00:00;6.7;G;;
2023-10-14;21:00:00;6.9;G;;
2023-10-14;22:00:00;6.7;G;;
2023-10-14;23:00:00;6.2;G;;
2023-10-15;00:00:00;6.2;G;;
2023-10-15;01:00:00;6.2;G;;
2023-10-15;02:00:00;5.7;G;;
2023-10-15;03:00:00;5.6;G;;
2023-10-15;04:00:00;5.8;G;;
2023-10-15;05:00:00;5.7;G;;
2023-10-15;06:00:00;5.2;G;;
2023-10-15;07:00:00;5.1;G;;
2023-10-15;08:00:00;5.5;G;;
2023-10-15;09:00:00;6.3;G;;
2023-10-15;10:00:00;6.6;G;;
2023-10-15;11:00:00;7.3;G;;
2023-10-15;12:00:00;7.8;G;;
2023-10-15;13:00:00;8.2;G;;
2023-10-15;14:00:00;7.8;G;;
2023-10-15;15:00:00;7.2;G;;
2023-10-15;16:00:00;6.0;G;;
2023-10-15;17:00:00;4.8;G;;
2023-10-15;18:00:00;4.1;G;;
2023-10-15;19:00:00;3.8;G;;
2023-10-15;20:00:00;4.1;G;;
2023-10-15;21:00:00;3.5;G;;
2023-10-15;22:00:00;3.3;G;;
2023-10-15;23:00:00;3.0;G;;
2023-10-16;00:00:00;2.9;G;;
2023-10-16;01:00:00;2.8;G;;
2023-10-16;02:00:00;2.9;G;;
2023-10-16;03:00:00;2.4;G;;
2023-10-16;04:00:00;2.0;G;;
2023-10-16;05:00:00;2.4;G;;
2023-10-16;06:00:00;1.8;G;;
2023-10-16;07:00:00;3.5;G;;
2023-10-16;08:00:00;4.9;G;;
2023-10-16;09:00:00;5.7;G;;
2023-10-16;10:00:00;5.5;G;;
2023-10-16;11:00:00;5.2;G;;
2023-10-16;12:00:00;5.3;G;;
2023-10-16;13:00:00;5.5;G;;
2023-10-16;14:00:00;5.3;G;;
2023-10-16;15:00:00;5.4;G;;
2023-10-16;16:00:00;4.4;G;;
2023-10-16;17:00:00;3.6;G;;
2023-10-16;18:00:00;1.6;G;;
2023-10-16;19:00:00;-0.0;G;;
2023-10-16;20:00:00;1.0;G;;
2023-10-16;21:00:00;1.9;G;;
2023-10-16;22:00:00;1.5;G;;
2023-10-16;23:00:00;0.9;G;;
2023-10-17;00:00:00;2.8;G;;
2023-10-17;01:00:00;2.9;G;;
2023-10-17;02:00:00;2.6;G;;
2023-10-17;03:00:00;-0.2;G;;
2023-10-17;04:00:00;3.4;G;;
2023-10-17;05:00:00;2.8;G;;
2023-10-17;06:00:00;2.9;G;;
2023-10-17;07:00:00;2.0;G;;
2023-10-17;08:00:00;5.1;G;;
2023-10-17;09:00:00;5.6;G;;
2023-10-17;10:00:00;7.3;G;;
2023-10-17;11:00:00;7.6;G;;
2023-10-17;12:00:00;8.6;G;;
2023-10-17;13:00:00;9.1;G;;
2023-10-17;14:00:00;7.4;G;;
2023-10-17;15:00:00;6.4;G;;
2023-10-17;16:00:00;4.2;G;;
2023-10-17;17:00:00;5.7;G;;
2023-10-17;18:00:00;5.6;G;;
2023-10-17;19:00:00;4.1;G;;
2023-10-17;20:00:00;5.3;G;;
2023-10-17;21:00:00;7.3;G;;
2023-10-17;22:00:00;7.1;G;;
2023-10-17;23:00:00;7.2;G;;
2023-10-18;00:00:00;6.7;G;;
2023-10-18;01:00:00;5.8;G;;
2023-10-18;02:00:00;5.3;G;;
2023-10-18;03:00:00;5.1;G;;
2023-10-18;04:00:00;4.5;G;;
2023-10-18;05:00:00;2.6;G;;
2023-10-18;06:00:00;3.1;G;;
2023-10-18;07:00:00;3.2;G;;
2023-10-18;08:00:00;3.9;G;;
2023-10-18;09:00:00;4.3;G;;
2023-10-18;10:00:00;4.7;G;;
2023-10-18;11:00:00;4.1;G;;
2023-10-18;12:00:00;5.2;G;;
2023-10-18;13:00:00;5.5;G;;
2023-10-18;14:00:00;5.5;G;;
2023-10-18;15:00:00;2.7;G;;
2023-10-18;16:00:00;3.3;G;;
2023-10-18;17:00:00;2.2;G;;
2023-10-18;18:00:00;2.1;G;;
2023-10-18;19:00:00;-0.4;G;;
2023-10-18;20:00:00;0.4;G;;
2023-10-18;21:00:00;-0.8;G;;
2023-10-18;22:00:00;-2.9;G;;
2023-10-18;23:00:00;-1.3;G;;
2023-10-19;00:00:00;-1.0;G;;
2023-10-19;01:00:00;-1.7;G;;
2023-10-19;02:00:00;-3.1;G;;
2023-10-19;03:00:00;-2.7;G;;
2023-10-19;04:00:00;-3.6;G;;
2023-10-19;05:00:00;-3.2;G;;
2023-10-19;06:00:00;-4.2;G;;
2023-10-19;07:00:00;-3.3;G;;
2023-10-19;08:00:00;-1.9;G;;
2023-10-19;09:00:00;-0.8;G;;
2023-10-19;10:00:00;-0.8;G;;
2023-10-19;11:00:00;-0.3;G;;
2023-10-19;12:00:00;0.1;G;;
2023-10-19;13:00:00;0.2;G;;
2023-10-19;14:00:00;0.3;G;;
2023-10-19;15:00:00;0.3;G;;
2023-10-19;16:00:00;0.3;G;;
2023-10-19;17:00:00;-0.1;G;;
2023-10-19;18:00:00;-0.3;G;;
2023-10-19;19:00:00;-0.6;G;;
2023-10-19;20:00:00;-1.0;G;;
2023-10-19;21:00:00;-1.5;G;;
2023-10-19;22:00:00;-1.6;G;;
2023-10-19;23:00:00;-2.1;G;;
2023-10-20;00:00:00;-2.0;G;;
2023-10-20;01:00:00;-1.7;G;;
2023-10-20;02:00:00;-1.3;G;;
2023-10-20;03:00:00;-2.1;G;;
2023-10-20;04:00:00;-2.3;G;;
2023-10-20;05:00:00;-1.3;G;;
2023-10-20;06:00:00;-1.0;G;;
2023-10-20;07:00:00;-0.5;G;;
2023-10-20;08:00:00;-0.1;G;;
2023-10-20;09:00:00;0.8;G;;
2023-10-20;10:00:00;1.4;G;;
2023-10-20;11:00:00;1.4;G;;
2023-10-20;12:00:00;1.8;G;;
2023-10-20;13:00:00;1.8;G;;
2023-10-20;14:00:00;1.6;G;;
2023-10-20;15:00:00;1.3;G;;
2023-10-20;16:00:00;0.9;G;;
2023-10-20;17:00:00;0.5;G;;
2023-10-20;18:00:00;0.7;G;;
2023-10-20;19:00:00;0.7;G;;
2023-10-20;20:00:00;0.1;G;;
2023-10-20;21:00:00;-0.8;G;;
2023-10-20;22:00:00;-0.3;G;;
2023-10-20;23:00:00;-0.7;G;;
2023-10-21;00:00:00;-0.7;G;;
2023-10-21;01:00:00;-1.1;G;;
2023-10-21;02:00:00;-1.3;G;;
2023-10-21;03:00:00;-1.6;G;;
2023-10-21;04:00:00;-1.9;G;;
2023-10-21;05:00:00;-2.1;G;;
2023-10-21;06:00:00;-1.7;G;;
2023-10-21;07:00:00;-0.1;G;;
2023-10-21;08:00:00;0.9;G;;
2023-10-21;09:00:00;1.7;G;;
2023-10-21;10:00:00;2.4;G;;
2023-10-21;11:00:00;2.4;G;;
2023-10-21;12:00:00;2.8;G;;
2023-10-21;13:00:00;2.7;G;;
2023-10-21;14:00:00;2.4;G;;
2023-10-21;15:00:00;2.3;G;;
2023-10-21;16:00:00;2.2;G;;
2023-10-21;17:00:00;2.1;G;;
2023-10-21;18:00:00;2.1;G;;
2023-10-21;19:00:00;1.9;G;;
2023-10-21;20:00:00;1.5;G;;
2023-10-21;21:00:00;1.5;G;;
2023-10-21;22:00:00;1.4;G;;
2023-10-21;23:00:00;0.7;G;;
2023-10-22;00:00:00;0.4;G;;
2023-10-22;01:00:00;0.5;G;;
2023-10-22;02:00:00;0.3;G;;
2023-10-22;03:00:00;0.2;G;;
2023-10-22;04:00:00;0.3;G;;
2023-10-22;05:00:00;0.5;G;;
2023-10-22;06:00:00;0.7;G;;
2023-10-22;07:00:00;0.6;G;;
2023-10-22;08:00:00;0.9;G;;
2023-10-22;09:00:00;1.2;G;;
2023-10-22;10:00:00;1.6;G;;
2023-10-22;11:00:00;2.1;G;;
2023-10-22;12:00:00;1.9;G;;
2023-10-22;13:00:00;2.2;G;;
2023-10-22;14:00:00;2.5;G;;
2023-10-22;15:00:00;2.5;G;;
2023-10-22;16:00:00;2.4;G;;
2023-10-22;17:00:00;2.2;G;;
2023-10-22;18:00:00;2.0;G;;
2023-10-22;19:00:00;2.0;G;;
2023-10-22;20:00:00;2.0;G;;
2023-10-22;21:00:00;1.9;G;;
2023-10-22;22:00:00;1.8;G;;
2023-10-22;23:00:00;2.0;G;;
2023-10-23;00:00:00;2.1;G;;
2023-10-23;01:00:00;2.0;G;;
2023-10-23;02:00:00;2.0;G;;
2023-10-23;03:00:00;2.0;G;;
2023-10-23;04:00:00;2.0;G;;
2023-10-23;05:00:00;1.9;G;;
2023-10-23;06:00:00;2.0;G;;
2023-10-23;07:00:00;2.2;G;;
2023-10-23;08:00:00;2.6;G;;
2023-10-23;09:00:00;2.9;G;;
2023-10-23;10:00:00;3.7;G;;
2023-10-23;11:00:00;4.0;G;;
2023-10-23;12:00:00;4.4;G;;
2023-10-23;13:00:00;4.7;G;;
2023-10-23;14:00:00;4.4;G;;
2023-10-23;15:00:00;4.4;G;;
2023-10-23;16:00:00;4.0;G;;
2023-10-23;17:00:00;3.9;G;;
2023-10-23;18:00:00;3.9;G;;
2023-10-23;19:00:00;3.7;G;;
2023-10-23;20:00:00;3.7;G;;
2023-10-23;21:00:00;3.6;G;;
2023-10-23;22:00:00;3.4;G;;
2023-10-23;23:00:00;3.2;G;;
2023-10-24;00:00:00;3.2;G;;
2023-10-24;01:00:00;3.1;G;;
2023-10-24;02:00:00;2.9;G;;
2023-10-24;03:00:00;3.0;G;;
2023-10-24;04:00:00;3.4;G;;
2023-10-24;05:00:00;3.1;G;;
2023-10-24;06:00:00;3.0;G;;
2023-10-24;07:00:00;3.1;G;;
2023-10-24;08:00:00;3.1;G;;
2023-10-24;09:00:00;3.3;G;;
2023-10-24;10:00:00;3.7;G;;
2023-10-24;11:00:00;3.7;G;;
2023-10-24;12:00:00;3.8;G;;
2023-10-24;13:00:00;3.8;G;;
2023-10-24;14:00:00;3.5;G;;
2023-10-24;15:00:00;3.2;G;;
2023-10-24;16:00:00;2.8;G;;
2023-10-24;17:00:00;2.5;G;;
2023-10-24;18:00:00;2.1;G;;
2023-10-24;19:00:00;1.5;G;;
2023-10-24;20:00:00;1.1;G;;
2023-10-24;21:00:00;0.5;G;;
2023-10-24;22:00:00;0.2;G;;
2023-10-24;23:00:00;0.1;G;;
2023-10-25;00:00:00;0.1;G;;
2023-10-25;01:00:00;0.1;G;;
2023-10-25;02:00:00;0.1;G;;
2023-10-25;03:00:00;0.4;G;;
2023-10-25;04:00:00;0.0;G;;
2023-10-25;05:00:00;-0.2;G;;
2023-10-25;06:00:00;0.0;G;;
2023-10-25;07:00:00;-0.1;G;;
2023-10-25;08:00:00;0.3;G;;
2023-10-25;09:00:00;0.8;G;;
2023-10-25;10:00:00;1.3;G;;
2023-10-25;11:00:00;1.5;G;;
2023-10-25;12:00:00;1.2;G;;
2023-10-25;13:00:00;1.7;G;;
2023-10-25;14:00:00;1.6;G;;
2023-10-25;15:00:00;0.9;G;;
2023-10-25;16:00:00;0.7;G;;
2023-10-25;17:00:00;0.4;G;;
2023-10-25;18:00:00;0.5;G;;
2023-10-25;19:00:00;0.4;G;;
2023-10-25;20:00:00;0.3;G;;
2023-10-25;21:00:00;0.0;G;;
2023-10-25;22:00:00;0.1;G;;
2023-10-25;23:00:00;0.1;G;;
2023-10-26;00:00:00;-0.1;G;;
2023-10-26;01:00:00;0.0;G;;
2023-10-26;02:00:00;0.0;G;;
2023-10-26;03:00:00;-0.2;G;;
2023-10-26;04:00:00;0.3;G;;
2023-10-26;05:00:00;0.5;G;;
2023-10-26;06:00:00;0.5;G;;
2023-10-26;07:00:00;-0.0;G;;
2023-10-26;08:00:00;0.2;G;;
2023-10-26;09:00:00;0.9;G;;
2023-10-26;10:00:00;1.5;G;;
2023-10-26;11:00:00;1.9;G;;
2023-10-26;12:00:00;1.7;G;;
2023-10-26;13:00:00;1.5;G;;
2023-10-26;14:00:00;1.0;G;;
2023-10-26;15:00:00;0.5;G;;
2023-10-26;16:00:00;0.2;G;;
2023-10-26;17:00:00;0.2;G;;
2023-10-26;18:00:00;0.3;G;;
2023-10-26;19:00:00;0.2;G;;
2023-10-26;20:00:00;0.2;G;;
2023-10-26;21:00:00;0.0;G;;
2023-10-26;22:00:00;-0.2;G;;
2023-10-26;23:00:00;0.0;G;;
2023-10-27;00:00:00;-0.1;G;;
2023-10-27;01:00:00;-0.1;G;;
2023-10-27;02:00:00;-0.2;G;;
2023-10-27;03:00:00;-0.3;G;;
2023-10-27;04:00:00;-0.3;G;;
2023-10-27;05:00:00;-0.3;G;;
2023-10-27;06:00:00;-0.5;G;;
2023-10-27;07:00:00;-0.4;G;;
2023-10-27;08:00:00;-0.2;G;;
2023-10-27;09:00:00;-0.2;G;;
2023-10-27;10:00:00;0.1;G;;
2023-10-27;11:00:00;0.3;G;;
2023-10-27;12:00:00;0.4;G;;
2023-10-27;13:00:00;0.3;G;;
2023-10-27;14:00:00;0.1;G;;
2023-10-27;15:00:00;0.0;G;;
2023-10-27;16:00:00;-0.1;G;;
2023-10-27;17:00:00;-0.1;G;;
2023-10-27;18:00:00;-0.1;G;;
2023-10-27;19:00:00;-0.4;G;;
2023-10-27;20:00:00;-0.7;G;;
2023-10-27;21:00:00;-0.6;G;;
2023-10-27;22:00:00;-0.7;G;;
2023-10-27;23:00:00;-0.7;G;;
2023-10-28;00:00:00;-0.5;G;;
2023-10-28;01:00:00;-0.5;G;;
2023-10-28;02:00:00;-0.8;G;;
2023-10-28;03:00:00;-1.0;G;;
2023-10-28;04:00:00;-1.0;G;;
2023-10-28;05:00:00;-1.3;G;;
2023-10-28;06:00:00;-1.2;G;;
2023-10-28;07:00:00;-1.2;G;;
2023-10-28;08:00:00;-0.8;G;;
2023-10-28;09:00:00;-0.5;G;;
2023-10-28;10:00:00;-0.2;G;;
2023-10-28;11:00:00;0.2;G;;
2023-10-28;12:00:00;0.3;G;;
2023-10-28;13:00:00;0.0;G;;
2023-10-28;14:00:00;-0.2;G;;
2023-10-28;15:00:00;-0.6;G;;
2023-10-28;16:00:00;-1.0;G;;
2023-10-28;17:00:00;-1.1;G;;
2023-10-28;18:00:00;-1.4;G;;
2023-10-28;19:00:00;-1.9;G;;
2023-10-28;20:00:00;-1.9;G;;
2023-10-28;21:00:00;-2.0;G;;
2023-10-28;22:00:00;-2.1;G;;
2023-10-28;23:00:00;-2.1;G;;
2023-10-29;00:00:00;-2.2;G;;
2023-10-29;01:00:00;-2.2;G;;
2023-10-29;02:00:00;-2.2;G;;
2023-10-29;03:00:00;-1.8;G;;
2023-10-29;04:00:00;-1.8;G;;
2023-10-29;05:00:00;-2.1;G;;
2023-10-29;06:00:00;-2.0;G;;
2023-10-29;07:00:00;-1.6;G;;
2023-10-29;08:00:00;-1.3;G;;
2023-10-29;09:00:00;-0.8;G;;
2023-10-29;10:00:00;-0.4;G;;
2023-10-29;11:00:00;-0.2;G;;
2023-10-29;12:00:00;-0.2;G;;
2023-10-29;13:00:00;-0.1;G;;
2023-10-29;14:00:00;-0.4;G;;
2023-10-29;15:00:00;-1.0;G;;
2023-10-29;16:00:00;-1.3;G;;
2023-10-29;17:00:00;-1.5;G;;
2023-10-29;18:00:00;-1.7;G;;
2023-10-29;19:00:00;-1.5;G;;
2023-10-29;20:00:00;-1.4;G;;
2023-10-29;21:00:00;-1.6;G;;
2023-10-29;22:00:00;-1.7;G;;
2023-10-29;23:00:00;-1.8;G;;
2023-10-30;00:00:00;-1.8;G;;
2023-10-30;01:00:00;-1.9;G;;
2023-10-30;02:00:00;-1.9;G;;
2023-10-30;03:00:00;-2.0;G;;
2023-10-30;04:00:00;-2.2;G;;
2023-10-30;05:00:00;-2.3;G;;
2023-10-30;06:00:00;-2.7;G;;
2023-10-30;07:00:00;-2.5;G;;
2023-10-30;08:00:00;-3.2;G;;
2023-10-30;09:00:00;-2.7;G;;
2023-10-30;10:00:00;-2.3;G;;
2023-10-30;11:00:00;-1.9;G;;
2023-10-30;12:00:00;-1.6;G;;
2023-10-30;13:00:00;-2.0;G;;
2023-10-30;14:00:00;-2.1;G;;
2023-10-30;15:00:00;-2.2;G;;
2023-10-30;16:00:00;-2.2;G;;
2023-10-30;17:00:00;-2.2;G;;
2023-10-30;18:00:00;-1.8;G;;
2023-10-30;19:00:00;-1.7;G;;
2023-10-30;20:00:00;-1.6;G;;
2023-10-30;21:00:00;-1.4;G;;
2023-10-30;22:00:00;-1.3;G;;
2023-10-30;23:00:00;-1.2;G;;
2023-10-31;00:00:00;-1.2;G;;
2023-10-31;01:00:00;-1.1;G;;
2023-10-31;02:00:00;-0.9;G;;
2023-10-31;03:00:00;-1.0;G;;
2023-10-31;04:00:00;-0.9;G;;
2023-10-31;05:00:00;-1.0;G;;
2023-10-31;06:00:00;-1.2;G;;
2023-10-31;07:00:00;-1.3;G;;
2023-10-31;08:00:00;-1.3;G;;
2023-10-31;09:00:00;-1.4;G;;
2023-10-31;10:00:00;-1.6;G;;
2023-10-31;11:00:00;-1.6;G;;
2023-10-31;12:00:00;-1.7;G;;
2023-10-31;13:00:00;-1.6;G;;
2023-10-31;14:00:00;-1.8;G;;
2023-10-31;15:00:00;-1.8;G;;
2023-10-31;16:00:00;-1.9;G;;
2023-10-31;17:00:00;-1.9;G;;
2023-10-31;18:00:00;-1.8;G;;
2023-10-31;19:00:00;-1.9;G;;
2023-10-31;20:00:00;-1.7;G;;
2023-10-31;21:00:00;-1.6;G;;
2023-10-31;22:00:00;-1.6;G;;
2023-10-31;23:00:00;-1.9;G;;
2023-11-01;00:00:00;-2.1;G;;
2023-11-01;01:00:00;-2.3;G;;
2023-11-01;02:00:00;-2.5;G;;
2023-11-01;03:00:00;-2.2;G;;
2023-11-01;04:00:00;-2.2;G;;
2023-11-01;05:00:00;-2.1;G;;
2023-11-01;06:00:00;-2.1;G;;
2023-11-01;07:00:00;-2.3;G;;
2023-11-01;08:00:00;-2.4;G;;
2023-11-01;09:00:00;-2.4;G;;
2023-11-01;10:00:00;-2.3;G;;
2023-11-01;11:00:00;-1.7;G;;
2023-11-01;12:00:00;-1.5;G;;
2023-11-01;13:00:00;-1.2;G;;
2023-11-01;14:00:00;-1.1;G;;
2023-11-01;15:00:00;-1.3;G;;
2023-11-01;16:00:00;-1.7;G;;
2023-11-01;17:00:00;-1.9;G;;
2023-11-01;18:00:00;-2.4;G;;
2023-11-01;19:00:00;-3.9;G;;
2023-11-01;20:00:00;-4.5;G;;
2023-11-01;21:00:00;-6.1;G;;
2023-11-01;22:00:00;-7.3;G;;
2023-11-01;23:00:00;-5.8;G;;
2023-11-02;00:00:00;-5.6;G;;
2023-11-02;01:00:00;-5.6;G;;
2023-11-02;02:00:00;-5.5;G;;
2023-11-02;03:00:00;-5.1;G;;
2023-11-02;04:00:00;-4.1;G;;
2023-11-02;05:00:00;-3.9;G;;
2023-11-02;06:00:00;-3.8;G;;
2023-11-02;07:00:00;-3.7;G;;
2023-11-02;08:00:00;-3.1;G;;
2023-11-02;09:00:00;-2.8;G;;
2023-11-02;10:00:00;-2.9;G;;
2023-11-02;11:00:00;-2.6;G;;
2023-11-02;12:00:00;-2.4;G;;
2023-11-02;13:00:00;-2.2;G;;
2023-11-02;14:00:00;-2.1;G;;
2023-11-02;15:00:00;-1.9;G;;
2023-11-02;16:00:00;-1.6;G;;
2023-11-02;17:00:00;-1.4;G;;
2023-11-02;18:00:00;-1.0;G;;
2023-11-02;19:00:00;-0.8;G;;
2023-11-02;20:00:00;-0.2;G;;
2023-11-02;21:00:00;0.2;G;;
2023-11-02;22:00:00;0.4;G;;
2023-11-02;23:00:00;0.5;G;;
2023-11-03;00:00:00;0.8;G;;
2023-11-03;01:00:00;0.8;G;;
2023-11-03;02:00:00;0.7;G;;
2023-11-03;03:00:00;1.1;G;;
2023-11-03;04:00:00;1.2;G;;
2023-11-03;05:00:00;1.3;G;;
2023-11-03;06:00:00;1.1;G;;
2023-11-03;07:00:00;0.9;G;;
2023-11-03;08:00:00;1.1;G;;
2023-11-03;09:00:00;1.1;G;;
2023-11-03;10:00:00;1.4;G;;
2023-11-03;11:00:00;1.3;G;;
2023-11-03;12:00:00;1.5;G;;
2023-11-03;13:00:00;1.9;G;;
2023-11-03;14:00:00;1.7;G;;
2023-11-03;15:00:00;1.6;G;;
2023-11-03;16:00:00;1.6;G;;
2023-11-03;17:00:00;1.4;G;;
2023-11-03;18:00:00;1.5;G;;
2023-11-03;19:00:00;1.4;G;;
2023-11-03;20:00:00;1.3;G;;
2023-11-03;21:00:00;1.4;G;;
2023-11-03;22:00:00;1.6;G;;
2023-11-03;23:00:00;1.7;G;;
2023-11-04;00:00:00;1.8;G;;
2023-11-04;01:00:00;1.8;G;;
2023-11-04;02:00:00;1.8;G;;
2023-11-04;03:00:00;2.0;G;;
2023-11-04;04:00:00;1.8;G;;
2023-11-04;05:00:00;2.1;G;;
2023-11-04;06:00:00;2.2;G;;
2023-11-04;07:00:00;2.4;G;;
2023-11-04;08:00:00;2.2;G;;
2023-11-04;09:00:00;2.1;G;;
2023-11-04;10:00:00;2.2;G;;
2023-11-04;11:00:00;2.1;G;;
2023-11-04;12:00:00;2.1;G;;
2023-11-04;13:00:00;2.2;G;;
2023-11-04;14:00:00;2.2;G;;
2023-11-04;15:00:00;2.1;G;;
2023-11-04;16:00:00;2.2;G;;
2023-11-04;17:00:00;2.0;G;;
2023-11-04;18:00:00;1.9;G;;
2023-11-04;19:00:00;1.7;G;;
2023-11-04;20:00:00;1.6;G;;
2023-11-04;21:00:00;1.5;G;;
2023-11-04;22:00:00;1.3;G;;
2023-11-04;23:00:00;1.2;G;;
2023-11-05;00:00:00;1.0;G;;
2023-11-05;01:00:00;0.7;G;;
2023-11-05;02:00:00;-0.3;G;;
2023-11-05;03:00:00;0.2;G;;
2023-11-05;04:00:00;0.6;G;;
2023-11-05;05:00:00;0.4;G;;
2023-11-05;06:00:00;0.6;G;;
2023-11-05;07:00:00;0.5;G;;
2023-11-05;08:00:00;0.7;G;;
2023-11-05;09:00:00;0.7;G;;
2023-11-05;10:00:00;1.4;G;;
2023-11-05;11:00:00;1.5;G;;
2023-11-05;12:00:00;1.7;G;;
2023-11-05;13:00:00;1.7;G;;
2023-11-05;14:00:00;1.9;G;;
2023-11-05;15:00:00;1.7;G;;
2023-11-05;16:00:00;1.7;G;;
2023-11-05;17:00:00;1.7;G;;
2023-11-05;18:00:00;1.9;G;;
2023-11-05;19:00:00;1.9;G;;
2023-11-05;20:00:00;2.0;G;;
2023-11-05;21:00:00;2.4;G;;
2023-11-05;22:00:00;2.5;G;;
2023-11-05;23:00:00;2.6;G;;
2023-11-06;00:00:00;2.5;G;;
2023-11-06;01:00:00;2.5;G;;
2023-11-06;02:00:00;2.5;G;;
2023-11-06;03:00:00;2.5;G;;
2023-11-06;04:00:00;2.4;G;;
2023-11-06;05:00:00;2.5;G;;
2023-11-06;06:00:00;2.5;G;;
2023-11-06;07:00:00;2.7;G;;
2023-11-06;08:00:00;2.7;G;;
2023-11-06;09:00:00;2.9;G;;
2023-11-06;10:00:00;3.3;G;;
2023-11-06;11:00:00;3.5;G;;
2023-11-06;12:00:00;3.3;G;;
2023-11-06;13:00:00;3.5;G;;
2023-11-06;14:00:00;3.4;G;;
2023-11-06;15:00:00;3.3;G;;
2023-11-06;16:00:00;3.2;G;;
2023-11-06;17:00:00;2.9;G;;
2023-11-06;18:00:00;3.0;G;;
2023-11-06;19:00:00;2.8;G;;
2023-11-06;20:00:00;2.8;G;;
2023-11-06;21:00:00;2.8;G;;
2023-11-06;22:00:00;2.7;G;;
2023-11-06;23:00:00;2.7;G;;
2023-11-07;00:00:00;2.5;G;;
2023-11-07;01:00:00;2.5;G;;
2023-11-07;02:00:00;2.3;G;;
2023-11-07;03:00:00;2.1;G;;
2023-11-07;04:00:00;2.1;G;;
2023-11-07;05:00:00;2.1;G;;
2023-11-07;06:00:00;1.8;G;;
2023-11-07;07:00:00;1.5;G;;
2023-11-07;08:00:00;2.2;G;;
2023-11-07;09:00:00;2.7;G;;
2023-11-07;10:00:00;3.6;G;;
2023-11-07;11:00:00;3.4;G;;
2023-11-07;12:00:00;3.6;G;;
2023-11-07;13:00:00;3.5;G;;
2023-11-07;14:00:00;3.0;G;;
2023-11-07;15:00:00;2.6;G;;
2023-11-07;16:00:00;2.4;G;;
2023-11-07;17:00:00;2.3;G;;
2023-11-07;18:00:00;2.1;G;;
2023-11-07;19:00:00;2.0;G;;
2023-11-07;20:00:00;2.0;G;;
2023-11-07;21:00:00;1.8;G;;
2023-11-07;22:00:00;1.2;G;;
2023-11-07;23:00:00;1.2;G;;
2023-11-08;00:00:00;1.4;G;;
2023-11-08;01:00:00;1.5;G;;
2023-11-08;02:00:00;1.6;G;;
2023-11-08;03:00:00;1.7;G;;
2023-11-08;04:00:00;1.7;G;;
2023-11-08;05:00:00;1.8;G;;
2023-11-08;06:00:00;1.8;G;;
2023-11-08;07:00:00;1.8;G;;
2023-11-08;08:00:00;2.0;G;;
2023-11-08;09:00:00;2.3;G;;
2023-11-08;10:00:00;2.7;G;;
2023-11-08;11:00:00;2.9;G;;
2023-11-08;12:00:00;2.8;G;;
2023-11-08;13:00:00;2.6;G;;
2023-11-08;14:00:00;2.4;G;;
2023-11-08;15:00:00;2.3;G;;
2023-11-08;16:00:00;2.2;G;;
2023-11-08;17:00:00;2.3;G;;
2023-11-08;18:00:00;2.2;G;;
2023-11-08;19:00:00;2.2;G;;
2023-11-08;20:00:00;2.3;G;;
2023-11-08;21:00:00;2.2;G;;
2023-11-08;22:00:00;2.2;G;;
2023-11-08;23:00:00;2.1;G;;
2023-11-09;00:00:00;2.2;G;;
2023-11-09;01:00:00;2.4;G;;
2023-11-09;02:00:00;2.4;G;;
2023-11-09;03:00:00;2.2;G;;
2023-11-09;04:00:00;2.4;G;;
2023-11-09;05:00:00;2.7;G;;
2023-11-09;06:00:00;2.9;G;;
2023-11-09;07:00:00;3.1;G;;
2023-11-09;08:00:00;3.1;G;;
2023-11-09;09:00:00;3.4;G;;
2023-11-09;10:00:00;3.2;G;;
2023-11-09;11:00:00;2.9;G;;
2023-11-09;12:00:00;2.8;G;;
2023-11-09;13:00:00;3.0;G;;
2023-11-09;14:00:00;2.8;G;;
2023-11-09;15:00:00;2.6;G;;
2023-11-09;16:00:00;2.6;G;;
2023-11-09;17:00:00;2.4;G;;
2023-11-09;18:00:00;2.5;G;;
2023-11-09;19:00:00;2.1;G;;
2023-11-09;20:00:00;0.4;G;;
2023-11-09;21:00:00;0.2;G;;
2023-11-09;22:00:00;0.2;G;;
2023-11-09;23:00:00;0.3;G;;
2023-11-10;00:00:00;0.4;G;;
2023-11-10;01:00:00;0.6;G;;
2023-11-10;02:00:00;0.8;G;;
2023-11-10;03:00:00;0.9;G;;
2023-11-10;04:00:00;1.0;G;;
2023-11-10;05:00:00;1.0;G;;
2023-11-10;06:00:00;0.8;G;;
2023-11-10;07:00:00;1.1;G;;
2023-11-10;08:00:00;1.1;G;;
2023-11-10;09:00:00;1.2;G;;
2023-11-10;10:00:00;1.2;G;;
2023-11-10;11:00:00;0.8;G;;
2023-11-10;12:00:00;0.8;G;;
2023-11-10;13:00:00;0.8;G;;
2023-11-10;14:00:00;1.3;G;;
2023-11-10;15:00:00;1.1;G;;
2023-11-10;16:00:00;0.9;G;;
2023-11-10;17:00:00;1.0;G;;
2023-11-10;18:00:00;0.6;G;;
2023-11-10;19:00:00;0.6;G;;
2023-11-10;20:00:00;0.6;G;;
2023-11-10;21:00:00;0.9;G;;
2023-11-10;22:00:00;1.0;G;;
2023-11-10;23:00:00;1.0;G;;
2023-11-11;00:00:00;1.2;G;;
2023-11-11;01:00:00;1.1;G;;
2023-11-11;02:00:00;1.2;G;;
2023-11-11;03:00:00;1.2;G;;
2023-11-11;04:00:00;1.1;G;;
2023-11-11;05:00:00;1.1;G;;
2023-11-11;06:00:00;0.6;G;;
2023-11-11;07:00:00;0.8;G;;
2023-11-11;08:00:00;0.7;G;;
2023-11-11;09:00:00;0.6;G;;
2023-11-11;10:00:00;0.3;G;;
2023-11-11;11:00:00;0.5;G;;
2023-11-11;12:00:00;0.7;G;;
2023-11-11;13:00:00;1.0;G;;
2023-11-11;14:00:00;0.6;G;;
2023-11-11;15:00:00;1.2;G;;
2023-11-11;16:00:00;1.3;G;;
2023-11-11;17:00:00;1.4;G;;
2023-11-11;18:00:00;1.4;G;;
2023-11-11;19:00:00;0.8;G;;
2023-11-11;20:00:00;0.8;G;;
2023-11-11;21:00:00;0.6;G;;
2023-11-11;22:00:00;0.5;G;;
2023-11-11;23:00:00;0.2;G;;
2023-11-12;00:00:00;0.1;G;;
2023-11-12;01:00:00;-0.3;G;;
2023-11-12;02:00:00;-0.6;G;;
2023-11-12;03:00:00;-0.8;G;;
2023-11-12;04:00:00;-0.8;G;;
2023-11-12;05:00:00;-1.0;G;;
2023-11-12;06:00:00;-1.3;G;;
2023-11-12;07:00:00;-1.4;G;;
2023-11-12;08:00:00;-1.5;G;;
2023-11-12;09:00:00;-1.3;G;;
2023-11-12;10:00:00;-1.2;G;;
2023-11-12;11:00:00;-1.1;G;;
2023-11-12;12:00:00;-1.2;G;;
2023-11-12;13:00:00;-1.2;G;;
2023-11-12;14:00:00;-1.5;G;;
2023-11-12;15:00:00;-1.5;G;;
2023-11-12;16:00:00;-1.5;G;;
2023-11-12;17:00:00;-1.6;G;;
2023-11-12;18:00:00;-1.6;G;;
2023-11-12;19:00:00;-1.5;G;;
2023-11-12;20:00:00;-1.6;G;;
2023-11-12;21:00:00;-1.7;G;;
2023-11-12;22:00:00;-1.8;G;;
2023-11-12;23:00:00;-2.2;G;;
2023-11-13;00:00:00;-2.1;G;;
2023-11-13;01:00:00;-2.0;G;;
2023-11-13;02:00:00;-2.1;G;;
2023-11-13;03:00:00;-2.0;G;;
2023-11-13;04:00:00;-2.0;G;;
2023-11-13;05:00:00;-1.8;G;;
2023-11-13;06:00:00;-1.9;G;;
2023-11-13;07:00:00;-2.2;G;;
2023-11-13;08:00:00;-2.7;G;;
2023-11-13;09:00:00;-2.4;G;;
2023-11-13;10:00:00;-1.7;G;;
2023-11-13;11:00:00;-1.8;G;;
2023-11-13;12:00:00;-1.5;G;;
2023-11-13;13:00:00;-1.8;G;;
2023-11-13;14:00:00;-1.9;G;;
2023-11-13;15:00:00;-2.4;G;;
2023-11-13;16:00:00;-2.4;G;;
2023-11-13;17:00:00;-2.4;G;;
2023-11-13;18:00:00;-2.6;G;;
2023-11-13;19:00:00;-2.7;G;;
2023-11-13;20:00:00;-2.9;G;;
2023-11-13;21:00:00;-2.7;G;;
2023-11-13;22:00:00;-2.9;G;;
2023-11-13;23:00:00;-3.4;G;;
2023-11-14;00:00:00;-3.1;G;;
2023-11-14;01:00:00;-3.1;G;;
2023-11-14;02:00:00;-3.3;G;;
2023-11-14;03:00:00;-3.3;G;;
2023-11-14;04:00:00;-3.6;G;;
2023-11-14;05:00:00;-3.9;G;;
2023-11-14;06:00:00;-4.1;G;;
2023-11-14;07:00:00;-4.5;G;;
2023-11-14;08:00:00;-5.2;G;;
2023-11-14;09:00:00;-5.5;G;;
2023-11-14;10:00:00;-5.4;G;;
2023-11-14;11:00:00;-6.5;G;;
2023-11-14;12:00:00;-7.1;G;;
2023-11-14;13:00:00;-6.7;G;;
2023-11-14;14:00:00;-7.5;G;;
2023-11-14;15:00:00;-8.7;G;;
2023-11-14;16:00:00;-7.7;G;;
2023-11-14;17:00:00;-6.9;G;;
2023-11-14;18:00:00;-7.3;G;;
2023-11-14;19:00:00;-7.3;G;;
2023-11-14;20:00:00;-7.2;G;;
2023-11-14;21:00:00;-7.1;G;;
2023-11-14;22:00:00;-7.0;G;;
2023-11-14;23:00:00;-6.8;G;;
2023-11-15;00:00:00;-6.7;G;;
2023-11-15;01:00:00;-6.6;G;;
2023-11-15;02:00:00;-6.7;G;;
2023-11-15;03:00:00;-6.7;G;;
2023-11-15;04:00:00;-6.4;G;;
2023-11-15;05:00:00;-6.4;G;;
2023-11-15;06:00:00;-6.3;G;;
2023-11-15;07:00:00;-6.2;G;;
2023-11-15;08:00:00;-5.9;G;;
2023-11-15;09:00:00;-5.4;G;;
2023-11-15;10:00:00;-5.0;G;;
2023-11-15;11:00:00;-4.7;G;;
2023-11-15;12:00:00;-4.6;G;;
2023-11-15;13:00:00;-4.5;G;;
2023-11-15;14:00:00;-5.0;G;;
2023-11-15;15:00:00;-6.7;G;;
2023-11-15;16:00:00;-8.5;G;;
2023-11-15;17:00:00;-8.3;G;;
2023-11-15;18:00:00;-8.3;G;;
2023-11-15;19:00:00;-7.6;G;;
2023-11-15;20:00:00;-9.6;G;;
2023-11-15;21:00:00;-11.1;G;;
2023-11-15;22:00:00;-12.6;G;;
2023-11-15;23:00:00;-11.6;G;;
2023-11-16;00:00:00;-12.1;G;;
2023-11-16;01:00:00;-12.8;G;;
2023-11-16;02:00:00;-13.2;G;;
2023-11-16;03:00:00;-13.4;G;;
2023-11-16;04:00:00;-12.0;G;;
2023-11-16;05:00:00;-10.9;G;;
2023-11-16;06:00:00;-10.2;G;;
2023-11-16;07:00:00;-9.5;G;;
2023-11-16;08:00:00;-8.9;G;;
2023-11-16;09:00:00;-8.2;G;;
2023-11-16;10:00:00;-7.7;G;;
2023-11-16;11:00:00;-7.3;G;;
2023-11-16;12:00:00;-7.1;G;;
2023-11-16;13:00:00;-6.6;G;;
2023-11-16;14:00:00;-6.5;G;;
2023-11-16;15:00:00;-6.6;G;;
2023-11-16;16:00:00;-6.9;G;;
2023-11-16;17:00:00;-7.1;G;;
2023-11-16;18:00:00;-6.9;G;;
2023-11-16;19:00:00;-6.8;G;;
2023-11-16;20:00:00;-6.7;G;;
2023-11-16;21:00:00;-6.6;G;;
2023-11-16;22:00:00;-6.6;G;;
2023-11-16;23:00:00;-6.5;G;;
2023-11-17;00:00:00;-6.3;G;;
2023-11-17;01:00:00;-6.1;G;;
2023-11-17;02:00:00;-6.0;G;;
2023-11-17;03:00:00;-5.9;G;;
2023-11-17;04:00:00;-5.8;G;;
2023-11-17;05:00:00;-5.4;G;;
2023-11-17;06:00:00;-5.2;G;;
2023-11-17;07:00:00;-5.3;G;;
2023-11-17;08:00:00;-5.2;G;;
2023-11-17;09:00:00;-5.2;G;;
2023-11-17;10:00:00;-4.9;G;;
2023-11-17;11:00:00;-4.5;G;;
2023-11-17;12:00:00;-4.3;G;;
2023-11-17;13:00:00;-4.3;G;;
2023-11-17;14:00:00;-4.6;G;;
2023-11-17;15:00:00;-4.9;G;;
2023-11-17;16:00:00;-6.3;G;;
2023-11-17;17:00:00;-7.6;G;;
2023-11-17;18:00:00;-7.9;G;;
2023-11-17;19:00:00;-8.2;G;;
2023-11-17;20:00:00;-10.3;G;;
2023-11-17;21:00:00;-10.8;G;;
2023-11-17;22:00:00;-12.9;G;;
2023-11-17;23:00:00;-13.1;G;;
2023-11-18;00:00:00;-13.0;G;;
2023-11-18;01:00:00;-13.0;G;;
2023-11-18;02:00:00;-14.7;G;;
2023-11-18;03:00:00;-13.2;G;;
2023-11-18;04:00:00;-14.5;G;;
2023-11-18;05:00:00;-15.6;G;;
2023-11-18;06:00:00;-15.7;G;;
2023-11-18;07:00:00;-16.0;G;;
2023-11-18;08:00:00;-16.0;G;;
2023-11-18;09:00:00;-12.6;G;;
2023-11-18;10:00:00;-10.7;G;;
2023-11-18;11:00:00;-9.1;G;;
2023-11-18;12:00:00;-7.8;G;;
2023-11-18;13:00:00;-7.5;G;;
2023-11-18;14:00:00;-10.0;G;;
2023-11-18;15:00:00;-12.4;G;;
2023-11-18;16:00:00;-14.2;G;;
2023-11-18;17:00:00;-12.8;G;;
2023-11-18;18:00:00;-14.5;G;;
2023-11-18;19:00:00;-15.6;G;;
2023-11-18;20:00:00;-16.1;G;;
2023-11-18;21:00:00;-14.4;G;;
2023-11-18;22:00:00;-17.2;G;;
2023-11-18;23:00:00;-16.7;G;;
2023-11-19;00:00:00;-17.1;G;;
2023-11-19;01:00:00;-16.6;G;;
2023-11-19;02:00:00;-17.5;G;;
2023-11-19;03:00:00;-17.5;G;;
2023-11-19;04:00:00;-15.9;G;;
2023-11-19;05:00:00;-15.3;G;;
2023-11-19;06:00:00;-15.1;G;;
2023-11-19;07:00:00;-14.8;G;;
2023-11-19;08:00:00;-14.2;G;;
2023-11-19;09:00:00;-13.8;G;;
2023-11-19;10:00:00;-12.7;G;;
2023-11-19;11:00:00;-12.1;G;;
2023-11-19;12:00:00;-11.6;G;;
2023-11-19;13:00:00;-12.0;G;;
2023-11-19;14:00:00;-11.8;G;;
2023-11-19;15:00:00;-11.6;G;;
2023-11-19;16:00:00;-11.6;G;;
2023-11-19;17:00:00;-11.7;G;;
2023-11-19;18:00:00;-11.4;G;;
2023-11-19;19:00:00;-11.1;G;;
2023-11-19;20:00:00;-11.3;G;;
2023-11-19;21:00:00;-10.8;G;;
2023-11-19;22:00:00;-10.9;G;;
2023-11-19;23:00:00;-11.0;G;;
2023-11-20;00:00:00;-10.7;G;;
2023-11-20;01:00:00;-10.8;G;;
2023-11-20;02:00:00;-10.4;G;;
2023-11-20;03:00:00;-10.1;G;;
2023-11-20;04:00:00;-9.9;G;;
2023-11-20;05:00:00;-9.4;G;;
2023-11-20;06:00:00;-8.9;G;;
2023-11-20;07:00:00;-8.5;G;;
2023-11-20;08:00:00;-8.4;G;;
2023-11-20;09:00:00;-8.2;G;;
2023-11-20;10:00:00;-7.4;G;;
2023-11-20;11:00:00;-6.9;G;;
2023-11-20;12:00:00;-6.6;G;;
2023-11-20;13:00:00;-6.2;G;;
2023-11-20;14:00:00;-5.9;G;;
2023-11-20;15:00:00;-5.9;G;;
2023-11-20;16:00:00;-5.7;G;;
2023-11-20;17:00:00;-5.5;G;;
2023-11-20;18:00:00;-5.9;G;;
2023-11-20;19:00:00;-6.5;G;;
2023-11-20;20:00:00;-7.0;G;;
2023-11-20;21:00:00;-7.0;G;;
2023-11-20;22:00:00;-7.2;G;;
2023-11-20;23:00:00;-7.7;G;;
2023-11-21;00:00:00;-8.0;G;;
2023-11-21;01:00:00;-8.0;G;;
2023-11-21;02:00:00;-8.1;G;;
2023-11-21;03:00:00;-8.0;G;;
2023-11-21;04:00:00;-8.0;G;;
2023-11-21;05:00:00;-7.8;G;;
2023-11-21;06:00:00;-7.8;G;;
2023-11-21;07:00:00;-7.7;G;;
2023-11-21;08:00:00;-7.5;G;;
2023-11-21;09:00:00;-6.9;G;;
2023-11-21;10:00:00;-6.1;G;;
2023-11-21;11:00:00;-5.6;G;;
2023-11-21;12:00:00;-5.2;G;;
2023-11-21;13:00:00;-4.9;G;;
2023-11-21;14:00:00;-5.0;G;;
2023-11-21;15:00:00;-5.0;G;;
2023-11-21;16:00:00;-4.9;G;;
2023-11-21;17:00:00;-4.8;G;;
2023-11-21;18:00:00;-5.0;G;;
2023-11-21;19:00:00;-4.8;G;;
2023-11-21;20:00:00;-5.0;G;;
2023-11-21;21:00:00;-4.9;G;;
2023-11-21;22:00:00;-3.8;G;;
2023-11-21;23:00:00;-3.4;G;;
2023-11-22;00:00:00;-3.2;G;;
2023-11-22;01:00:00;-3.3;G;;
2023-11-22;02:00:00;-2.8;G;;
2023-11-22;03:00:00;-2.2;G;;
2023-11-22;04:00:00;-1.7;G;;
2023-11-22;05:00:00;-1.4;G;;
2023-11-22;06:00:00;-1.2;G;;
2023-11-22;07:00:00;-0.7;G;;
2023-11-22;08:00:00;-0.9;G;;
2023-11-22;09:00:00;-0.4;G;;
2023-11-22;10:00:00;0.7;G;;
2023-11-22;11:00:00;1.2;G;;
2023-11-22;12:00:00;1.5;G;;
2023-11-22;13:00:00;1.1;G;;
2023-11-22;14:00:00;1.6;G;;
2023-11-22;15:00:00;1.7;G;;
2023-11-22;16:00:00;1.6;G;;
2023-11-22;17:00:00;2.0;G;;
2023-11-22;18:00:00;2.3;G;;
2023-11-22;19:00:00;2.6;G;;
2023-11-22;20:00:00;2.4;G;;
2023-11-22;21:00:00;2.1;G;;
2023-11-22;22:00:00;1.9;G;;
2023-11-22;23:00:00;1.4;G;;
2023-11-23;00:00:00;1.6;G;;
2023-11-23;01:00:00;1.1;G;;
2023-11-23;02:00:00;-0.1;G;;
2023-11-23;03:00:00;0.2;G;;
2023-11-23;04:00:00;-0.5;G;;
2023-11-23;05:00:00;0.7;G;;
2023-11-23;06:00:00;0.4;G;;
2023-11-23;07:00:00;0.4;G;;
2023-11-23;08:00:00;0.5;G;;
2023-11-23;09:00:00;0.8;G;;
2023-11-23;10:00:00;1.5;G;;
2023-11-23;11:00:00;2.7;G;;
2023-11-23;12:00:00;2.0;G;;
2023-11-23;13:00:00;1.0;G;;
2023-11-23;14:00:00;0.5;G;;
2023-11-23;15:00:00;-0.2;G;;
2023-11-23;16:00:00;-1.0;G;;
2023-11-23;17:00:00;-0.7;G;;
2023-11-23;18:00:00;-1.2;G;;
2023-11-23;19:00:00;-1.3;G;;
2023-11-23;20:00:00;-1.1;G;;
2023-11-23;21:00:00;-0.7;G;;
2023-11-23;22:00:00;-0.6;G;;
2023-11-23;23:00:00;-0.9;G;;
2023-11-24;00:00:00;-1.4;G;;
2023-11-24;01:00:00;-2.2;G;;
2023-11-24;02:00:00;-2.7;G;;
2023-11-24;03:00:00;-4.0;G;;
2023-11-24;04:00:00;-5.3;G;;
2023-11-24;05:00:00;-5.7;G;;
2023-11-24;06:00:00;-7.5;G;;
2023-11-24;07:00:00;-4.5;G;;
2023-11-24;08:00:00;-4.0;G;;
2023-11-24;09:00:00;-3.5;G;;
2023-11-24;10:00:00;-2.3;G;;
2023-11-24;11:00:00;-1.6;G;;
2023-11-24;12:00:00;-1.2;G;;
2023-11-24;13:00:00;-0.9;G;;
2023-11-24;14:00:00;-0.5;G;;
2023-11-24;15:00:00;-0.7;G;;
2023-11-24;16:00:00;-1.2;G;;
2023-11-24;17:00:00;-1.4;G;;
2023-11-24;18:00:00;-1.4;G;;
2023-11-24;19:00:00;-1.4;G;;
2023-11-24;20:00:00;-1.6;G;;
2023-11-24;21:00:00;-1.6;G;;
2023-11-24;22:00:00;-2.1;G;;
2023-11-24;23:00:00;-4.0;G;;
2023-11-25;00:00:00;-4.8;G;;
2023-11-25;01:00:00;-5.4;G;;
2023-11-25;02:00:00;-6.2;G;;
2023-11-25;03:00:00;-7.4;G;;
2023-11-25;04:00:00;-7.4;G;;
2023-11-25;05:00:00;-8.2;G;;
2023-11-25;06:00:00;-8.3;G;;
2023-11-25;07:00:00;-9.2;G;;
2023-11-25;08:00:00;-9.2;G;;
2023-11-25;09:00:00;-8.7;G;;
2023-11-25;10:00:00;-7.4;G;;
2023-11-25;11:00:00;-6.7;G;;
2023-11-25;12:00:00;-6.2;G;;
2023-11-25;13:00:00;-5.7;G;;
2023-11-25;14:00:00;-6.3;G;;
2023-11-25;15:00:00;-6.3;G;;
2023-11-25;16:00:00;-6.4;G;;
2023-11-25;17:00:00;-6.1;G;;
2023-11-25;18:00:00;-4.9;G;;
2023-11-25;19:00:00;-5.1;G;;
2023-11-25;20:00:00;-5.2;G;;
2023-11-25;21:00:00;-6.3;G;;
2023-11-25;22:00:00;-8.0;G;;
2023-11-25;23:00:00;-7.4;G;;
2023-11-26;00:00:00;-7.1;G;;
2023-11-26;01:00:00;-7.1;G;;
2023-11-26;02:00:00;-7.1;G;;
2023-11-26;03:00:00;-7.7;G;;
2023-11-26;04:00:00;-10.4;G;;
2023-11-26;05:00:00;-11.4;G;;
2023-11-26;06:00:00;-11.8;G;;
2023-11-26;07:00:00;-11.4;G;;
2023-11-26;08:00:00;-10.6;G;;
2023-11-26;09:00:00;-9.5;G;;
2023-11-26;10:00:00;-8.2;G;;
2023-11-26;11:00:00;-6.6;G;;
2023-11-26;12:00:00;-4.3;G;;
2023-11-26;13:00:00;-4.8;G;;
2023-11-26;14:00:00;-4.3;G;;
2023-11-26;15:00:00;-4.4;G;;
2023-11-26;16:00:00;-4.7;G;;
2023-11-26;17:00:00;-4.1;G;;
2023-11-26;18:00:00;-4.2;G;;
2023-11-26;19:00:00;-3.8;G;;
2023-11-26;20:00:00;-3.7;G;;
2023-11-26;21:00:00;-3.6;G;;
2023-11-26;22:00:00;-3.6;G;;
2023-11-26;23:00:00;-4.1;G;;
2023-11-27;00:00:00;-3.0;G;;
2023-11-27;01:00:00;-3.1;G;;
2023-11-27;02:00:00;-3.3;G;;
2023-11-27;03:00:00;-3.5;G;;
2023-11-27;04:00:00;-3.8;G;;
2023-11-27;05:00:00;-4.5;G;;
2023-11-27;06:00:00;-6.2;G;;
2023-11-27;07:00:00;-5.5;G;;
2023-11-27;08:00:00;-6.6;G;;
2023-11-27;09:00:00;-6.2;G;;
2023-11-27;10:00:00;-6.1;G;;
2023-11-27;11:00:00;-6.3;G;;
2023-11-27;12:00:00;-6.4;G;;
2023-11-27;13:00:00;-7.1;G;;
2023-11-27;14:00:00;-7.8;G;;
2023-11-27;15:00:00;-8.4;G;;
2023-11-27;16:00:00;-9.2;G;;
2023-11-27;17:00:00;-9.6;G;;
2023-11-27;18:00:00;-10.3;G;;
2023-11-27;19:00:00;-10.6;G;;
2023-11-27;20:00:00;-11.1;G;;
2023-11-27;21:00:00;-11.7;G;;
2023-11-27;22:00:00;-12.1;G;;
2023-11-27;23:00:00;-12.0;G;;
2023-11-28;00:00:00;-11.4;G;;
2023-11-28;01:00:00;-11.0;G;;
2023-11-28;02:00:00;-10.6;G;;
2023-11-28;03:00:00;-9.4;G;;
2023-11-28;04:00:00;-8.7;G;;
2023-11-28;05:00:00;-9.6;G;;
2023-11-28;06:00:00;-9.3;G;;
2023-11-28;07:00:00;-9.1;G;;
2023-11-28;08:00:00;-9.7;G;;
2023-11-28;09:00:00;-9.3;G;;
2023-11-28;10:00:00;-9.1;G;;
2023-11-28;11:00:00;-9.2;G;;
2023-11-28;12:00:00;-8.6;G;;
2023-11-28;13:00:00;-8.0;G;;
2023-11-28;14:00:00;-8.4;G;;
2023-11-28;15:00:00;-7.8;G;;
2023-11-28;16:00:00;-6.5;G;;
2023-11-28;17:00:00;-5.5;G;;
2023-11-28;18:00:00;-4.9;G;;
2023-11-28;19:00:00;-4.6;G;;
2023-11-28;20:00:00;-4.4;G;;
2023-11-28;21:00:00;-4.2;G;;
2023-11-28;22:00:00;-3.6;G;;
2023-11-28;23:00:00;-3.3;G;;
2023-11-29;00:00:00;-3.1;G;;
2023-11-29;01:00:00;-3.1;G;;
2023-11-29;02:00:00;-3.0;G;;
2023-11-29;03:00:00;-3.2;G;;
2023-11-29;04:00:00;-3.1;G;;
2023-11-29;05:00:00;-2.8;G;;
2023-11-29;06:00:00;-2.8;G;;
2023-11-29;07:00:00;-2.6;G;;
2023-11-29;08:00:00;-2.7;G;;
2023-11-29;09:00:00;-2.5;G;;
2023-11-29;10:00:00;-2.3;G;;
2023-11-29;11:00:00;-2.2;G;;
2023-11-29;12:00:00;-1.9;G;;
2023-11-29;13:00:00;-1.8;G;;
2023-11-29;14:00:00;-1.9;G;;
2023-11-29;15:00:00;-2.0;G;;
2023-11-29;16:00:00;-2.2;G;;
2023-11-29;17:00:00;-2.2;G;;
2023-11-29;18:00:00;-2.3;G;;
2023-11-29;19:00:00;-2.4;G;;
2023-11-29;20:00:00;-2.4;G;;
2023-11-29;21:00:00;-2.4;G;;
2023-11-29;22:00:00;-2.5;G;;
2023-11-29;23:00:00;-2.5;G;;
2023-11-30;00:00:00;-2.6;G;;
2023-11-30;01:00:00;-2.7;G;;
2023-11-30;02:00:00;-2.8;G;;
2023-11-30;03:00:00;-2.8;G;;
2023-11-30;04:00:00;-2.9;G;;
2023-11-30;05:00:00;-3.1;G;;
2023-11-30;06:00:00;-3.1;G;;
2023-11-30;07:00:00;-3.1;G;;
2023-11-30;08:00:00;-3.1;G;;
2023-11-30;09:00:00;-3.1;G;;
2023-11-30;10:00:00;-3.1;G;;
2023-11-30;11:00:00;-3.4;G;;
2023-11-30;12:00:00;-3.5;G;;
2023-11-30;13:00:00;-3.5;G;;
2023-11-30;14:00:00;-4.0;G;;
2023-11-30;15:00:00;-4.6;G;;
2023-11-30;16:00:00;-5.3;G;;
2023-11-30;17:00:00;-5.6;G;;
2023-11-30;18:00:00;-6.3;G;;
2023-11-30;19:00:00;-6.3;G;;
2023-11-30;20:00:00;-7.5;G;;
2023-11-30;21:00:00;-8.5;G;;
2023-11-30;22:00:00;-8.7;G;;
2023-11-30;23:00:00;-8.8;G;;
2023-12-01;00:00:00;-9.1;G;;
2023-12-01;01:00:00;-8.7;G;;
2023-12-01;02:00:00;-8.6;G;;
2023-12-01;03:00:00;-9.0;G;;
2023-12-01;04:00:00;-8.7;G;;
2023-12-01;05:00:00;-9.0;G;;
2023-12-01;06:00:00;-8.8;G;;
2023-12-01;07:00:00;-8.7;G;;
2023-12-01;08:00:00;-8.7;G;;
2023-12-01;09:00:00;-8.0;G;;
2023-12-01;10:00:00;-7.8;G;;
2023-12-01;11:00:00;-7.8;G;;
2023-12-01;12:00:00;-7.6;G;;
2023-12-01;13:00:00;-7.5;G;;
2023-12-01;14:00:00;-7.7;G;;
2023-12-01;15:00:00;-7.7;G;;
2023-12-01;16:00:00;-8.1;G;;
2023-12-01;17:00:00;-8.2;G;;
2023-12-01;18:00:00;-8.5;G;;
2023-12-01;19:00:00;-8.7;G;;
2023-12-01;20:00:00;-8.8;G;;
2023-12-01;21:00:00;-9.0;G;;
2023-12-01;22:00:00;-9.0;G;;
2023-12-01;23:00:00;-9.3;G;;
2023-12-02;00:00:00;-9.8;G;;
2023-12-02;01:00:00;-10.6;G;;
2023-12-02;02:00:00;-12.4;G;;
2023-12-02;03:00:00;-13.6;G;;
2023-12-02;04:00:00;-15.1;G;;
2023-12-02;05:00:00;-16.2;G;;
2023-12-02;06:00:00;-17.6;G;;
2023-12-02;07:00:00;-18.3;G;;
2023-12-02;08:00:00;-18.0;G;;
2023-12-02;09:00:00;-16.7;G;;
2023-12-02;10:00:00;-15.1;G;;
2023-12-02;11:00:00;-13.7;G;;
2023-12-02;12:00:00;-12.9;G;;
2023-12-02;13:00:00;-12.8;G;;
2023-12-02;14:00:00;-13.5;G;;
2023-12-02;15:00:00;-13.5;G;;
2023-12-02;16:00:00;-12.8;G;;
2023-12-02;17:00:00;-12.3;G;;
2023-12-02;18:00:00;-12.3;G;;
2023-12-02;19:00:00;-13.1;G;;
2023-12-02;20:00:00;-14.3;G;;
2023-12-02;21:00:00;-13.2;G;;
2023-12-02;22:00:00;-13.2;G;;
2023-12-02;23:00:00;-12.9;G;;
2023-12-03;00:00:00;-12.6;G;;
2023-12-03;01:00:00;-12.2;G;;
2023-12-03;02:00:00;-12.2;G;;
2023-12-03;03:00:00;-12.4;G;;
2023-12-03;04:00:00;-13.0;G;;
2023-12-03;05:00:00;-13.6;G;;
2023-12-03;06:00:00;-13.5;G;;
2023-12-03;07:00:00;-13.1;G;;
2023-12-03;08:00:00;-12.6;G;;
2023-12-03;09:00:00;-12.1;G;;
2023-12-03;10:00:00;-11.6;G;;
2023-12-03;11:00:00;-11.0;G;;
2023-12-03;12:00:00;-11.1;G;;
2023-12-03;13:00:00;-11.1;G;;
2023-12-03;14:00:00;-11.6;G;;
2023-12-03;15:00:00;-12.3;G;;
2023-12-03;16:00:00;-13.4;G;;
2023-12-03;17:00:00;-13.8;G;;
2023-12-03;18:00:00;-14.1;G;;
2023-12-03;19:00:00;-14.3;G;;
2023-12-03;20:00:00;-13.2;G;;
2023-12-03;21:00:00;-11.9;G;;
2023-12-03;22:00:00;-11.8;G;;
2023-12-03;23:00:00;-11.4;G;;
2023-12-04;00:00:00;-11.2;G;;
2023-12-04;01:00:00;-11.3;G;;
2023-12-04;02:00:00;-12.6;G;;
2023-12-04;03:00:00;-10.9;G;;
2023-12-04;04:00:00;-11.2;G;;
2023-12-04;05:00:00;-11.2;G;;
2023-12-04;06:00:00;-12.2;G;;
2023-12-04;07:00:00;-13.4;G;;
2023-12-04;08:00:00;-15.4;G;;
2023-12-04;09:00:00;-13.3;G;;
2023-12-04;10:00:00;-12.7;G;;
2023-12-04;11:00:00;-11.7;G;;
2023-12-04;12:00:00;-10.7;G;;
2023-12-04;13:00:00;-12.1;G;;
2023-12-04;14:00:00;-12.4;G;;
2023-12-04;15:00:00;-12.9;G;;
2023-12-04;16:00:00;-13.8;G;;
2023-12-04;17:00:00;-15.8;G;;
2023-12-04;18:00:00;-15.5;G;;
2023-12-04;19:00:00;-15.4;G;;
2023-12-04;20:00:00;-16.3;G;;
2023-12-04;21:00:00;-16.8;G;;
2023-12-04;22:00:00;-17.2;G;;
2023-12-04;23:00:00;-17.7;G;;
2023-12-05;00:00:00;-19.8;G;;
2023-12-05;01:00:00;-18.8;G;;
2023-12-05;02:00:00;-18.9;G;;
2023-12-05;03:00:00;-19.4;G;;
2023-12-05;04:00:00;-19.2;G;;
2023-12-05;05:00:00;-20.4;G;;
2023-12-05;06:00:00;-21.7;G;;
2023-12-05;07:00:00;-20.5;G;;
2023-12-05;08:00:00;-20.5;G;;
2023-12-05;09:00:00;-19.8;G;;
2023-12-05;10:00:00;-18.4;G;;
2023-12-05;11:00:00;-17.2;G;;
2023-12-05;12:00:00;-16.9;G;;
2023-12-05;13:00:00;-17.3;G;;
2023-12-05;14:00:00;-18.7;G;;
2023-12-05;15:00:00;-19.2;G;;
2023-12-05;16:00:00;-20.4;G;;
2023-12-05;17:00:00;-19.7;G;;
2023-12-05;18:00:00;-20.4;G;;
2023-12-05;19:00:00;-21.2;G;;
2023-12-05;20:00:00;-22.2;G;;
2023-12-05;21:00:00;-22.8;G;;
2023-12-05;22:00:00;-22.6;G;;
2023-12-05;23:00:00;-23.7;G;;
2023-12-06;00:00:00;-23.1;G;;
2023-12-06;01:00:00;-23.1;G;;
2023-12-06;02:00:00;-22.5;G;;
2023-12-06;03:00:00;-23.7;G;;
2023-12-06;04:00:00;-21.9;G;;
2023-12-06;05:00:00;-22.0;G;;
2023-12-06;06:00:00;-22.6;G;;
2023-12-06;07:00:00;-22.6;G;;
2023-12-06;08:00:00;-22.1;G;;
2023-12-06;09:00:00;-21.4;G;;
2023-12-06;10:00:00;-20.0;G;;
2023-12-06;11:00:00;-19.4;G;;
2023-12-06;12:00:00;-18.8;G;;
2023-12-06;13:00:00;-18.6;G;;
2023-12-06;14:00:00;-19.1;G;;
2023-12-06;15:00:00;-17.9;G;;
2023-12-06;16:00:00;-17.7;G;;
2023-12-06;17:00:00;-16.9;G;;
2023-12-06;18:00:00;-16.0;G;;
2023-12-06;19:00:00;-15.6;G;;
2023-12-06;20:00:00;-15.3;G;;
2023-12-06;21:00:00;-14.8;G;;
2023-12-06;22:00:00;-14.4;G;;
2023-12-06;23:00:00;-14.0;G;;
2023-12-07;00:00:00;-13.7;G;;
2023-12-07;01:00:00;-13.7;G;;
2023-12-07;02:00:00;-13.2;G;;
2023-12-07;03:00:00;-13.0;G;;
2023-12-07;04:00:00;-12.8;G;;
2023-12-07;05:00:00;-12.6;G;;
2023-12-07;06:00:00;-12.6;G;;
2023-12-07;07:00:00;-12.7;G;;
2023-12-07;08:00:00;-13.0;G;;
2023-12-07;09:00:00;-12.0;G;;
2023-12-07;10:00:00;-11.6;G;;
2023-12-07;11:00:00;-10.9;G;;
2023-12-07;12:00:00;-10.3;G;;
2023-12-07;13:00:00;-9.8;G;;
2023-12-07;14:00:00;-9.4;G;;
2023-12-07;15:00:00;-9.1;G;;
2023-12-07;16:00:00;-8.9;G;;
2023-12-07;17:00:00;-8.4;G;;
2023-12-07;18:00:00;-8.2;G;;
2023-12-07;19:00:00;-8.0;G;;
2023-12-07;20:00:00;-7.6;G;;
2023-12-07;21:00:00;-7.4;G;;
2023-12-07;22:00:00;-7.4;G;;
2023-12-07;23:00:00;-7.4;G;;
2023-12-08;00:00:00;-7.7;G;;
2023-12-08;01:00:00;-7.0;G;;
2023-12-08;02:00:00;-6.2;G;;
2023-12-08;03:00:00;-6.4;G;;
2023-12-08;04:00:00;-6.4;G;;
2023-12-08;05:00:00;-5.9;G;;
2023-12-08;06:00:00;-5.9;G;;
2023-12-08;07:00:00;-5.8;G;;
2023-12-08;08:00:00;-5.6;G;;
2023-12-08;09:00:00;-5.3;G;;
2023-12-08;10:00:00;-4.9;G;;
2023-12-08;11:00:00;-4.4;G;;
2023-12-08;12:00:00;-4.2;G;;
2023-12-08;13:00:00;-4.1;G;;
2023-12-08;14:00:00;-4.0;G;;
2023-12-08;15:00:00;-3.7;G;;
2023-12-08;16:00:00;-3.4;G;;
2023-12-08;17:00:00;-2.1;G;;
2023-12-08;18:00:00;-2.3;G;;
2023-12-08;19:00:00;-2.5;G;;
2023-12-08;20:00:00;-2.6;G;;
2023-12-08;21:00:00;-2.6;G;;
2023-12-08;22:00:00;-2.6;G;;
2023-12-08;23:00:00;-2.6;G;;
2023-12-09;00:00:00;-2.5;G;;
2023-12-09;01:00:00;-2.3;G;;
2023-12-09;02:00:00;-2.3;G;;
2023-12-09;03:00:00;-2.1;G;;
2023-12-09;04:00:00;-2.2;G;;
2023-12-09;05:00:00;-2.3;G;;
2023-12-09;06:00:00;-2.3;G;;
2023-12-09;07:00:00;-2.3;G;;
2023-12-09;08:00:00;-2.1;G;;
2023-12-09;09:00:00;-1.6;G;;
2023-12-09;10:00:00;-1.4;G;;
2023-12-09;11:00:00;-1.1;G;;
2023-12-09;12:00:00;-1.0;G;;
2023-12-09;13:00:00;-1.2;G;;
2023-12-09;14:00:00;-1.3;G;;
2023-12-09;15:00:00;-1.4;G;;
2023-12-09;16:00:00;-1.3;G;;
2023-12-09;17:00:00;-1.4;G;;
2023-12-09;18:00:00;-1.4;G;;
2023-12-09;19:00:00;-1.6;G;;
2023-12-09;20:00:00;-1.7;G;;
2023-12-09;21:00:00;-1.8;G;;
2023-12-09;22:00:00;-1.9;G;;
2023-12-09;23:00:00;-2.0;G;;
2023-12-10;00:00:00;-2.1;G;;
2023-12-10;01:00:00;-2.3;G;;
2023-12-10;02:00:00;-2.5;G;;
2023-12-10;03:00:00;-2.6;G;;
2023-12-10;04:00:00;-2.6;G;;
2023-12-10;05:00:00;-2.9;G;;
2023-12-10;06:00:00;-3.0;G;;
2023-12-10;07:00:00;-3.0;G;;
2023-12-10;08:00:00;-3.1;G;;
2023-12-10;09:00:00;-3.1;G;;
2023-12-10;10:00:00;-3.2;G;;
2023-12-10;11:00:00;-3.1;G;;
2023-12-10;12:00:00;-2.9;G;;
2023-12-10;13:00:00;-3.0;G;;
2023-12-10;14:00:00;-2.8;G;;
2023-12-10;15:00:00;-2.9;G;;
2023-12-10;16:00:00;-3.3;G;;
2023-12-10;17:00:00;-3.4;G;;
2023-12-10;18:00:00;-3.7;G;;
2023-12-10;19:00:00;-3.6;G;;
2023-12-10;20:00:00;-3.7;G;;
2023-12-10;21:00:00;-3.5;G;;
2023-12-10;22:00:00;-3.4;G;;
2023-12-10;23:00:00;-3.5;G;;
2023-12-11;00:00:00;-3.6;G;;
2023-12-11;01:00:00;-3.2;G;;
2023-12-11;02:00:00;-2.9;G;;
2023-12-11;03:00:00;-2.8;G;;
2023-12-11;04:00:00;-2.7;G;;
2023-12-11;05:00:00;-2.5;G;;
2023-12-11;06:00:00;-2.3;G;;
2023-12-11;07:00:00;-2.3;G;;
2023-12-11;08:00:00;-2.2;G;;
2023-12-11;09:00:00;-2.3;G;;
2023-12-11;10:00:00;-2.0;G;;
2023-12-11;11:00:00;-2.2;G;;
2023-12-11;12:00:00;-1.9;G;;
2023-12-11;13:00:00;-2.1;G;;
2023-12-11;14:00:00;-1.9;G;;
2023-12-11;15:00:00;-1.7;G;;
2023-12-11;16:00:00;-1.8;G;;
2023-12-11;17:00:00;-2.1;G;;
2023-12-11;18:00:00;-2.0;G;;
2023-12-11;19:00:00;-2.1;G;;
2023-12-11;20:00:00;-2.1;G;;
2023-12-11;21:00:00;-2.7;G;;
2023-12-11;22:00:00;-3.2;G;;
2023-12-11;23:00:00;-3.3;G;;
2023-12-12;00:00:00;-3.7;G;;
2023-12-12;01:00:00;-3.7;G;;
2023-12-12;02:00:00;-4.0;G;;
2023-12-12;03:00:00;-4.1;G;;
2023-12-12;04:00:00;-4.1;G;;
2023-12-12;05:00:00;-4.0;G;;
2023-12-12;06:00:00;-4.0;G;;
2023-12-12;07:00:00;-4.1;G;;
2023-12-12;08:00:00;-4.3;G;;
2023-12-12;09:00:00;-4.4;G;;
2023-12-12;10:00:00;-4.3;G;;
2023-12-12;11:00:00;-4.5;G;;
2023-12-12;12:00:00;-4.6;G;;
2023-12-12;13:00:00;-4.8;G;;
2023-12-12;14:00:00;-5.0;G;;
2023-12-12;15:00:00;-5.0;G;;
2023-12-12;16:00:00;-5.2;G;;
2023-12-12;17:00:00;-5.3;G;;
2023-12-12;18:00:00;-5.2;G;;
2023-12-12;19:00:00;-5.4;G;;
2023-12-12;20:00:00;-5.4;G;;
2023-12-12;21:00:00;-5.6;G;;
2023-12-12;22:00:00;-5.5;G;;
2023-12-12;23:00:00;-5.4;G;;
2023-12-13;00:00:00;-5.3;G;;
2023-12-13;01:00:00;-5.3;G;;
2023-12-13;02:00:00;-5.2;G;;
2023-12-13;03:00:00;-5.0;G;;
2023-12-13;04:00:00;-5.0;G;;
2023-12-13;05:00:00;-5.2;G;;
2023-12-13;06:00:00;-5.3;G;;
2023-12-13;07:00:00;-5.3;G;;
2023-12-13;08:00:00;-5.7;G;;
2023-12-13;09:00:00;-5.9;G;;
2023-12-13;10:00:00;-6.0;G;;
2023-12-13;11:00:00;-5.7;G;;
2023-12-13;12:00:00;-5.7;G;;
2023-12-13;13:00:00;-5.8;G;;
2023-12-13;14:00:00;-6.1;G;;
2023-12-13;15:00:00;-6.5;G;;
2023-12-13;16:00:00;-6.9;G;;
2023-12-13;17:00:00;-7.1;G;;
2023-12-13;18:00:00;-7.1;G;;
2023-12-13;19:00:00;-7.2;G;;
2023-12-13;20:00:00;-7.6;G;;
2023-12-13;21:00:00;-8.1;G;;
2023-12-13;22:00:00;-11.1;G;;
2023-12-13;23:00:00;-10.9;G;;
2023-12-14;00:00:00;-12.5;G;;
2023-12-14;01:00:00;-13.1;G;;
2023-12-14;02:00:00;-14.3;G;;
2023-12-14;03:00:00;-14.9;G;;
2023-12-14;04:00:00;-14.9;G;;
2023-12-14;05:00:00;-15.6;G;;
2023-12-14;06:00:00;-15.7;G;;
2023-12-14;07:00:00;-16.4;G;;
2023-12-14;08:00:00;-17.5;G;;
2023-12-14;09:00:00;-18.1;G;;
2023-12-14;10:00:00;-17.3;G;;
2023-12-14;11:00:00;-17.5;G;;
2023-12-14;12:00:00;-16.6;G;;
2023-12-14;13:00:00;-17.5;G;;
2023-12-14;14:00:00;-19.1;G;;
2023-12-14;15:00:00;-19.5;G;;
2023-12-14;16:00:00;-19.1;G;;
2023-12-14;17:00:00;-18.6;G;;
2023-12-14;18:00:00;-18.2;G;;
2023-12-14;19:00:00;-18.0;G;;
2023-12-14;20:00:00;-17.5;G;;
2023-12-14;21:00:00;-16.8;G;;
2023-12-14;22:00:00;-16.5;G;;
2023-12-14;23:00:00;-15.9;G;;
2023-12-15;00:00:00;-15.5;G;;
2023-12-15;01:00:00;-15.1;G;;
2023-12-15;02:00:00;-14.7;G;;
2023-12-15;03:00:00;-14.3;G;;
2023-12-15;04:00:00;-13.9;G;;
2023-12-15;05:00:00;-13.5;G;;
2023-12-15;06:00:00;-13.1;G;;
2023-12-15;07:00:00;-12.9;G;;
2023-12-15;08:00:00;-13.6;G;;
2023-12-15;09:00:00;-13.7;G;;
2023-12-15;10:00:00;-13.6;G;;
2023-12-15;11:00:00;-12.6;G;;
2023-12-15;12:00:00;-12.9;G;;
2023-12-15;13:00:00;-14.3;G;;
2023-12-15;14:00:00;-13.9;G;;
2023-12-15;15:00:00;-14.7;G;;
2023-12-15;16:00:00;-13.0;G;;
2023-12-15;17:00:00;-12.9;G;;
2023-12-15;18:00:00;-13.7;G;;
2023-12-15;19:00:00;-15.0;G;;
2023-12-15;20:00:00;-15.9;G;;
2023-12-15;21:00:00;-14.8;G;;
2023-12-15;22:00:00;-14.7;G;;
2023-12-15;23:00:00;-14.6;G;;
2023-12-16;00:00:00;-14.4;G;;
2023-12-16;01:00:00;-13.8;G;;
2023-12-16;02:00:00;-12.6;G;;
2023-12-16;03:00:00;-11.8;G;;
2023-12-16;04:00:00;-12.0;G;;
2023-12-16;05:00:00;-12.6;G;;
2023-12-16;06:00:00;-11.1;G;;
2023-12-16;07:00:00;-9.9;G;;
2023-12-16;08:00:00;-9.8;G;;
2023-12-16;09:00:00;-9.7;G;;
2023-12-16;10:00:00;-8.7;G;;
2023-12-16;11:00:00;-5.0;G;;
2023-12-16;12:00:00;-1.8;G;;
2023-12-16;13:00:00;2.6;G;;
2023-12-16;14:00:00;3.9;G;;
2023-12-16;15:00:00;4.1;G;;
2023-12-16;16:00:00;4.4;G;;
2023-12-16;17:00:00;5.0;G;;
2023-12-16;18:00:00;5.4;G;;
2023-12-16;19:00:00;5.6;G;;
2023-12-16;20:00:00;5.3;G;;
2023-12-16;21:00:00;3.8;G;;
2023-12-16;22:00:00;3.1;G;;
2023-12-16;23:00:00;2.1;G;;
2023-12-17;00:00:00;1.4;G;;
2023-12-17;01:00:00;1.3;G;;
2023-12-17;02:00:00;1.6;G;;
2023-12-17;03:00:00;1.3;G;;
2023-12-17;04:00:00;0.7;G;;
2023-12-17;05:00:00;1.4;G;;
2023-12-17;06:00:00;1.2;G;;
2023-12-17;07:00:00;0.0;G;;
2023-12-17;08:00:00;-0.2;G;;
2023-12-17;09:00:00;-1.0;G;;
2023-12-17;10:00:00;-0.4;G;;
2023-12-17;11:00:00;1.6;G;;
2023-12-17;12:00:00;1.1;G;;
2023-12-17;13:00:00;0.6;G;;
2023-12-17;14:00:00;0.2;G;;
2023-12-17;15:00:00;0.1;G;;
2023-12-17;16:00:00;0.2;G;;
2023-12-17;17:00:00;0.3;G;;
2023-12-17;18:00:00;1.3;G;;
2023-12-17;19:00:00;-0.8;G;;
2023-12-17;20:00:00;-1.5;G;;
2023-12-17;21:00:00;-2.6;G;;
2023-12-17;22:00:00;-2.7;G;;
2023-12-17;23:00:00;-2.7;G;;
2023-12-18;00:00:00;-4.3;G;;
2023-12-18;01:00:00;-3.9;G;;
2023-12-18;02:00:00;-4.5;G;;
2023-12-18;03:00:00;-3.9;G;;
2023-12-18;04:00:00;-4.2;G;;
2023-12-18;05:00:00;-5.0;G;;
2023-12-18;06:00:00;-0.9;G;;
2023-12-18;07:00:00;-5.3;G;;
2023-12-18;08:00:00;-5.5;G;;
2023-12-18;09:00:00;-3.8;G;;
2023-12-18;10:00:00;-3.1;G;;
2023-12-18;11:00:00;-4.2;G;;
2023-12-18;12:00:00;-3.9;G;;
2023-12-18;13:00:00;-1.2;G;;
2023-12-18;14:00:00;0.2;G;;
2023-12-18;15:00:00;-0.9;G;;
2023-12-18;16:00:00;-4.7;G;;
2023-12-18;17:00:00;-5.9;G;;
2023-12-18;18:00:00;-5.9;G;;
2023-12-18;19:00:00;-3.1;G;;
2023-12-18;20:00:00;-4.4;G;;
2023-12-18;21:00:00;-2.8;G;;
2023-12-18;22:00:00;0.5;G;;
2023-12-18;23:00:00;2.2;G;;
2023-12-19;00:00:00;2.2;G;;
2023-12-19;01:00:00;3.5;G;;
2023-12-19;02:00:00;3.6;G;;
2023-12-19;03:00:00;3.5;G;;
2023-12-19;04:00:00;3.3;G;;
2023-12-19;05:00:00;2.8;G;;
2023-12-19;06:00:00;2.8;G;;
2023-12-19;07:00:00;2.1;G;;
2023-12-19;08:00:00;1.9;G;;
2023-12-19;09:00:00;1.6;G;;
2023-12-19;10:00:00;1.8;G;;
2023-12-19;11:00:00;1.7;G;;
2023-12-19;12:00:00;1.2;G;;
2023-12-19;13:00:00;0.9;G;;
2023-12-19;14:00:00;0.3;G;;
2023-12-19;15:00:00;-0.2;G;;
2023-12-19;16:00:00;-0.1;G;;
2023-12-19;17:00:00;-0.1;G;;
2023-12-19;18:00:00;-0.5;G;;
2023-12-19;19:00:00;-0.8;G;;
2023-12-19;20:00:00;-1.4;G;;
2023-12-19;21:00:00;-1.5;G;;
2023-12-19;22:00:00;-2.4;G;;
2023-12-19;23:00:00;-2.4;G;;
2023-12-20;00:00:00;-3.5;G;;
2023-12-20;01:00:00;-4.9;G;;
2023-12-20;02:00:00;-5.2;G;;
2023-12-20;03:00:00;-6.7;G;;
2023-12-20;04:00:00;-9.5;G;;
2023-12-20;05:00:00;-9.8;G;;
2023-12-20;06:00:00;-10.1;G;;
2023-12-20;07:00:00;-10.0;G;;
2023-12-20;08:00:00;-11.1;G;;
2023-12-20;09:00:00;-10.2;G;;
2023-12-20;10:00:00;-8.5;G;;
2023-12-20;11:00:00;-7.7;G;;
2023-12-20;12:00:00;-8.3;G;;
2023-12-20;13:00:00;-8.1;G;;
2023-12-20;14:00:00;-8.0;G;;
2023-12-20;15:00:00;-8.1;G;;
2023-12-20;16:00:00;-8.6;G;;
2023-12-20;17:00:00;-9.4;G;;
2023-12-20;18:00:00;-10.4;G;;
2023-12-20;19:00:00;-12.0;G;;
2023-12-20;20:00:00;-12.6;G;;
2023-12-20;21:00:00;-11.4;G;;
2023-12-20;22:00:00;-11.1;G;;
2023-12-20;23:00:00;-10.1;G;;
2023-12-21;00:00:00;-10.4;G;;
2023-12-21;01:00:00;-12.6;G;;
2023-12-21;02:00:00;-11.9;G;;
2023-12-21;03:00:00;-11.2;G;;
2023-12-21;04:00:00;-11.6;G;;
2023-12-21;05:00:00;-11.1;G;;
2023-12-21;06:00:00;-11.1;G;;
2023-12-21;07:00:00;-11.1;G;;
2023-12-21;08:00:00;-11.0;G;;
2023-12-21;09:00:00;-10.6;G;;
2023-12-21;10:00:00;-9.8;G;;
2023-12-21;11:00:00;-8.8;G;;
2023-12-21;12:00:00;-8.4;G;;
2023-12-21;13:00:00;-7.4;G;;
2023-12-21;14:00:00;-6.3;G;;
2023-12-21;15:00:00;-4.1;G;;
2023-12-21;16:00:00;-4.6;G;;
2023-12-21;17:00:00;-4.2;G;;
2023-12-21;18:00:00;-3.8;G;;
2023-12-21;19:00:00;-3.6;G;;
2023-12-21;20:00:00;-3.4;G;;
2023-12-21;21:00:00;-3.1;G;;
2023-12-21;22:00:00;-2.9;G;;
2023-12-21;23:00:00;-2.6;G;;
2023-12-22;00:00:00;-2.2;G;;
2023-12-22;01:00:00;-2.1;G;;
2023-12-22;02:00:00;-1.4;G;;
2023-12-22;03:00:00;-1.3;G;;
2023-12-22;04:00:00;-1.5;G;;
2023-12-22;05:00:00;-1.5;G;;
2023-12-22;06:00:00;-1.6;G;;
2023-12-22;07:00:00;-1.7;G;;
2023-12-22;08:00:00;-1.6;G;;
2023-12-22;09:00:00;-1.2;G;;
2023-12-22;10:00:00;-1.3;G;;
2023-12-22;11:00:00;-1.6;G;;
2023-12-22;12:00:00;-1.7;G;;
2023-12-22;13:00:00;-2.2;G;;
2023-12-22;14:00:00;-2.5;G;;
2023-12-22;15:00:00;-2.7;G;;
2023-12-22;16:00:00;-3.0;G;;
2023-12-22;17:00:00;-2.8;G;;
2023-12-22;18:00:00;-2.7;G;;
2023-12-22;19:00:00;-3.0;G;;
2023-12-22;20:00:00;-3.3;G;;
2023-12-22;21:00:00;-3.5;G;;
2023-12-22;22:00:00;-3.3;G;;
2023-12-22;23:00:00;-3.2;G;;
2023-12-23;00:00:00;-3.0;G;;
2023-12-23;01:00:00;-3.2;G;;
2023-12-23;02:00:00;-3.1;G;;
2023-12-23;03:00:00;-3.7;G;;
2023-12-23;04:00:00;-3.9;G;;
2023-12-23;05:00:00;-4.4;G;;
2023-12-23;06:00:00;-4.6;G;;
2023-12-23;07:00:00;-4.2;G;;
2023-12-23;08:00:00;-4.3;G;;
2023-12-23;09:00:00;-4.4;G;;
2023-12-23;10:00:00;-4.3;G;;
2023-12-23;11:00:00;-4.5;G;;
2023-12-23;12:00:00;-5.1;G;;
2023-12-23;13:00:00;-5.5;G;;
2023-12-23;14:00:00;-5.8;G;;
2023-12-23;15:00:00;-6.2;G;;
2023-12-23;16:00:00;-6.4;G;;
2023-12-23;17:00:00;-6.9;G;;
2023-12-23;18:00:00;-7.7;G;;
2023-12-23;19:00:00;-7.6;G;;
2023-12-23;20:00:00;-8.0;G;;
2023-12-23;21:00:00;-8.3;G;;
2023-12-23;22:00:00;-9.6;G;;
2023-12-23;23:00:00;-10.6;G;;
2023-12-24;00:00:00;-11.3;G;;
2023-12-24;01:00:00;-14.1;G;;
2023-12-24;02:00:00;-13.0;G;;
2023-12-24;03:00:00;-11.8;G;;
2023-12-24;04:00:00;-13.7;G;;
2023-12-24;05:00:00;-12.2;G;;
2023-12-24;06:00:00;-14.9;G;;
2023-12-24;07:00:00;-17.4;G;;
2023-12-24;08:00:00;-13.7;G;;
2023-12-24;09:00:00;-16.2;G;;
2023-12-24;10:00:00;-15.8;G;;
2023-12-24;11:00:00;-15.9;G;;
2023-12-24;12:00:00;-15.2;G;;
2023-12-24;13:00:00;-14.2;G;;
2023-12-24;14:00:00;-13.9;G;;
2023-12-24;15:00:00;-13.6;G;;
2023-12-24;16:00:00;-13.8;G;;
2023-12-24;17:00:00;-13.2;G;;
2023-12-24;18:00:00;-13.1;G;;
2023-12-24;19:00:00;-12.8;G;;
2023-12-24;20:00:00;-12.6;G;;
2023-12-24;21:00:00;-12.1;G;;
2023-12-24;22:00:00;-11.7;G;;
2023-12-24;23:00:00;-11.6;G;;
2023-12-25;00:00:00;-10.9;G;;
2023-12-25;01:00:00;-10.6;G;;
2023-12-25;02:00:00;-10.5;G;;
2023-12-25;03:00:00;-10.2;G;;
2023-12-25;04:00:00;-9.9;G;;
2023-12-25;05:00:00;-9.5;G;;
2023-12-25;06:00:00;-9.1;G;;
2023-12-25;07:00:00;-8.7;G;;
2023-12-25;08:00:00;-8.3;G;;
2023-12-25;09:00:00;-7.6;G;;
2023-12-25;10:00:00;-6.8;G;;
2023-12-25;11:00:00;-6.6;G;;
2023-12-25;12:00:00;-6.2;G;;
2023-12-25;13:00:00;-5.8;G;;
2023-12-25;14:00:00;-5.5;G;;
2023-12-25;15:00:00;-5.4;G;;
2023-12-25;16:00:00;-5.5;G;;
2023-12-25;17:00:00;-5.7;G;;
2023-12-25;18:00:00;-7.6;G;;
2023-12-25;19:00:00;-8.8;G;;
2023-12-25;20:00:00;-8.3;G;;
2023-12-25;21:00:00;-9.3;G;;
2023-12-25;22:00:00;-8.0;G;;
2023-12-25;23:00:00;-8.6;G;;
2023-12-26;00:00:00;-13.3;G;;
2023-12-26;01:00:00;-14.0;G;;
2023-12-26;02:00:00;-13.9;G;;
2023-12-26;03:00:00;-15.9;G;;
2023-12-26;04:00:00;-17.1;G;;
2023-12-26;05:00:00;-17.3;G;;
2023-12-26;06:00:00;-17.5;G;;
2023-12-26;07:00:00;-18.1;G;;
2023-12-26;08:00:00;-18.2;G;;
2023-12-26;09:00:00;-19.0;G;;
2023-12-26;10:00:00;-16.8;G;;
2023-12-26;11:00:00;-15.4;G;;
2023-12-26;12:00:00;-14.2;G;;
2023-12-26;13:00:00;-14.1;G;;
2023-12-26;14:00:00;-16.4;G;;
2023-12-26;15:00:00;-17.9;G;;
2023-12-26;16:00:00;-17.4;G;;
2023-12-26;17:00:00;-17.0;G;;
2023-12-26;18:00:00;-18.3;G;;
2023-12-26;19:00:00;-13.1;G;;
2023-12-26;20:00:00;-14.6;G;;
2023-12-26;21:00:00;-15.3;G;;
2023-12-26;22:00:00;-12.2;G;;
2023-12-26;23:00:00;-8.0;G;;
2023-12-27;00:00:00;-11.9;G;;
2023-12-27;01:00:00;-2.7;G;;
2023-12-27;02:00:00;-2.6;G;;
2023-12-27;03:00:00;-2.5;G;;
2023-12-27;04:00:00;-2.1;G;;
2023-12-27;05:00:00;-2.1;G;;
2023-12-27;06:00:00;-2.5;G;;
2023-12-27;07:00:00;-2.6;G;;
2023-12-27;08:00:00;-2.6;G;;
2023-12-27;09:00:00;-2.4;G;;
2023-12-27;10:00:00;-2.2;G;;
2023-12-27;11:00:00;-1.7;G;;
2023-12-27;12:00:00;-2.1;G;;
2023-12-27;13:00:00;-2.7;G;;
2023-12-27;14:00:00;-3.5;G;;
2023-12-27;15:00:00;-4.6;G;;
2023-12-27;16:00:00;-6.5;G;;
2023-12-27;17:00:00;-7.1;G;;
2023-12-27;18:00:00;-7.5;G;;
2023-12-27;19:00:00;-7.3;G;;
2023-12-27;20:00:00;-8.9;G;;
2023-12-27;21:00:00;-9.3;G;;
2023-12-27;22:00:00;-11.3;G;;
2023-12-27;23:00:00;-12.2;G;;
2023-12-28;00:00:00;-11.4;G;;
2023-12-28;01:00:00;-13.2;G;;
2023-12-28;02:00:00;-11.6;G;;
2023-12-28;03:00:00;-12.1;G;;
2023-12-28;04:00:00;-12.1;G;;
2023-12-28;05:00:00;-11.6;G;;
2023-12-28;06:00:00;-11.5;G;;
2023-12-28;07:00:00;-11.5;G;;
2023-12-28;08:00:00;-11.0;G;;
2023-12-28;09:00:00;-10.5;G;;
2023-12-28;10:00:00;-9.5;G;;
2023-12-28;11:00:00;-7.5;G;;
2023-12-28;12:00:00;-6.8;G;;
2023-12-28;13:00:00;-6.3;G;;
2023-12-28;14:00:00;-6.1;G;;
2023-12-28;15:00:00;-5.8;G;;
2023-12-28;16:00:00;-5.5;G;;
2023-12-28;17:00:00;-5.3;G;;
2023-12-28;18:00:00;-5.1;G;;
2023-12-28;19:00:00;-5.0;G;;
2023-12-28;20:00:00;-5.1;G;;
2023-12-28;21:00:00;-5.1;G;;
2023-12-28;22:00:00;-5.1;G;;
2023-12-28;23:00:00;-5.0;G;;
2023-12-29;00:00:00;-5.1;G;;
2023-12-29;01:00:00;-5.3;G;;
2023-12-29;02:00:00;-5.3;G;;
2023-12-29;03:00:00;-5.7;G;;
2023-12-29;04:00:00;-5.8;G;;
2023-12-29;05:00:00;-5.8;G;;
2023-12-29;06:00:00;-5.7;G;;
2023-12-29;07:00:00;-5.6;G;;
2023-12-29;08:00:00;-5.8;G;;
2023-12-29;09:00:00;-5.4;G;;
2023-12-29;10:00:00;-5.1;G;;
2023-12-29;11:00:00;-4.6;G;;
2023-12-29;12:00:00;-4.3;G;;
2023-12-29;13:00:00;-4.0;G;;
2023-12-29;14:00:00;-4.1;G;;
2023-12-29;15:00:00;-4.0;G;;
2023-12-29;16:00:00;-4.0;G;;
2023-12-29;17:00:00;-3.8;G;;
2023-12-29;18:00:00;-3.7;G;;
2023-12-29;19:00:00;-3.7;G;;
2023-12-29;20:00:00;-3.6;G;;
2023-12-29;21:00:00;-3.4;G;;
2023-12-29;22:00:00;-3.3;G;;
2023-12-29;23:00:00;-3.2;G;;
2023-12-30;00:00:00;-2.8;G;;
2023-12-30;01:00:00;-2.6;G;;
2023-12-30;02:00:00;-2.4;G;;
2023-12-30;03:00:00;-2.4;G;;
2023-12-30;04:00:00;-2.6;G;;
2023-12-30;05:00:00;-2.9;G;;
2023-12-30;06:00:00;-3.0;G;;
2023-12-30;07:00:00;-3.1;G;;
2023-12-30;08:00:00;-3.2;G;;
2023-12-30;09:00:00;-3.3;G;;
2023-12-30;10:00:00;-3.4;G;;
2023-12-30;11:00:00;-3.7;G;;
2023-12-30;12:00:00;-3.8;G;;
2023-12-30;13:00:00;-3.9;G;;
2023-12-30;14:00:00;-4.1;G;;
2023-12-30;15:00:00;-4.2;G;;
2023-12-30;16:00:00;-4.4;G;;
2023-12-30;17:00:00;-4.5;G;;
2023-12-30;18:00:00;-4.5;G;;
2023-12-30;19:00:00;-4.5;G;;
2023-12-30;20:00:00;-4.7;G;;
2023-12-30;21:00:00;-4.7;G;;
2023-12-30;22:00:00;-4.8;G;;
2023-12-30;23:00:00;-4.9;G;;
2023-12-31;00:00:00;-5.0;G;;
2023-12-31;01:00:00;-5.0;G;;
2023-12-31;02:00:00;-5.0;G;;
2023-12-31;03:00:00;-5.0;G;;
2023-12-31;04:00:00;-4.7;G;;
2023-12-31;05:00:00;-4.8;G;;
2023-12-31;06:00:00;-5.1;G;;
2023-12-31;07:00:00;-5.6;G;;
2023-12-31;08:00:00;-5.8;G;;
2023-12-31;09:00:00;-6.0;G;;
2023-12-31;10:00:00;-6.1;G;;
2023-12-31;11:00:00;-6.2;G;;
2023-12-31;12:00:00;-6.1;G;;
2023-12-31;13:00:00;-6.2;G;;
2023-12-31;14:00:00;-6.2;G;;
2023-12-31;15:00:00;-6.3;G;;
2023-12-31;16:00:00;-6.2;G;;
2023-12-31;17:00:00;-6.1;G;;
2023-12-31;18:00:00;-6.1;G;;
2023-12-31;19:00:00;-6.0;G;;
2023-12-31;20:00:00;-6.0;G;;
2023-12-31;21:00:00;-6.0;G;;
2023-12-31;22:00:00;-6.0;G;;
2023-12-31;23:00:00;-6.2;G;;
2024-01-01;00:00:00;-6.4;G;;
2024-01-01;01:00:00;-6.4;G;;
2024-01-01;02:00:00;-6.4;G;;
2024-01-01;03:00:00;-6.3;G;;
2024-01-01;04:00:00;-6.4;G;;
2024-01-01;05:00:00;-6.5;G;;
2024-01-01;06:00:00;-6.6;G;;
2024-01-01;07:00:00;-6.9;G;;
2024-01-01;08:00:00;-6.9;G;;
2024-01-01;09:00:00;-7.1;G;;
2024-01-01;10:00:00;-6.4;G;;
2024-01-01;11:00:00;-6.4;G;;
2024-01-01;12:00:00;-6.4;G;;
2024-01-01;13:00:00;-6.5;G;;
2024-01-01;14:00:00;-6.8;G;;
2024-01-01;15:00:00;-7.5;G;;
2024-01-01;16:00:00;-7.6;G;;
2024-01-01;17:00:00;-7.7;G;;
2024-01-01;18:00:00;-7.7;G;;
2024-01-01;19:00:00;-8.1;G;;
2024-01-01;20:00:00;-8.6;G;;
2024-01-01;21:00:00;-8.9;G;;
2024-01-01;22:00:00;-9.8;G;;
2024-01-01;23:00:00;-9.9;G;;
2024-01-02;00:00:00;-10.0;G;;
2024-01-02;01:00:00;-10.2;G;;
2024-01-02;02:00:00;-9.8;G;;
2024-01-02;03:00:00;-10.2;G;;
2024-01-02;04:00:00;-10.5;G;;
2024-01-02;05:00:00;-10.3;G;;
2024-01-02;06:00:00;-10.4;G;;
2024-01-02;07:00:00;-10.4;G;;
2024-01-02;08:00:00;-10.1;G;;
2024-01-02;09:00:00;-9.9;G;;
2024-01-02;10:00:00;-9.6;G;;
2024-01-02;11:00:00;-9.7;G;;
2024-01-02;12:00:00;-10.0;G;;
2024-01-02;13:00:00;-9.8;G;;
2024-01-02;14:00:00;-10.1;G;;
2024-01-02;15:00:00;-9.9;G;;
2024-01-02;16:00:00;-9.7;G;;
2024-01-02;17:00:00;-9.6;G;;
2024-01-02;18:00:00;-9.4;G;;
2024-01-02;19:00:00;-9.4;G;;
2024-01-02;20:00:00;-9.5;G;;
2024-01-02;21:00:00;-9.4;G;;
2024-01-02;22:00:00;-9.5;G;;
2024-01-02;23:00:00;-9.6;G;;
2024-01-03;00:00:00;-9.7;G;;
2024-01-03;01:00:00;-9.8;G;;
2024-01-03;02:00:00;-10.3;G;;
2024-01-03;03:00:00;-10.1;G;;
2024-01-03;04:00:00;-10.3;G;;
2024-01-03;05:00:00;-10.4;G;;
2024-01-03;06:00:00;-10.3;G;;
2024-01-03;07:00:00;-10.4;G;;
2024-01-03;08:00:00;-10.1;G;;
2024-01-03;09:00:00;-10.1;G;;
2024-01-03;10:00:00;-9.8;G;;
2024-01-03;11:00:00;-9.6;G;;
2024-01-03;12:00:00;-9.4;G;;
2024-01-03;13:00:00;-9.5;G;;
2024-01-03;14:00:00;-9.6;G;;
2024-01-03;15:00:00;-10.1;G;;
2024-01-03;16:00:00;-10.0;G;;
2024-01-03;17:00:00;-9.9;G;;
2024-01-03;18:00:00;-10.0;G;;
2024-01-03;19:00:00;-10.0;G;;
2024-01-03;20:00:00;-9.9;G;;
2024-01-03;21:00:00;-9.7;G;;
2024-01-03;22:00:00;-9.7;G;;
2024-01-03;23:00:00;-9.7;G;;
2024-01-04;00:00:00;-9.7;G;;
2024-01-04;01:00:00;-9.9;G;;
2024-01-04;02:00:00;-10.0;G;;
2024-01-04;03:00:00;-10.1;G;;
2024-01-04;04:00:00;-10.2;G;;
2024-01-04;05:00:00;-10.4;G;;
2024-01-04;06:00:00;-11.1;G;;
2024-01-04;07:00:00;-11.7;G;;
2024-01-04;08:00:00;-12.0;G;;
2024-01-04;09:00:00;-13.3;G;;
2024-01-04;10:00:00;-12.3;G;;
2024-01-04;11:00:00;-14.3;G;;
2024-01-04;12:00:00;-14.5;G;;
2024-01-04;13:00:00;-15.2;G;;
2024-01-04;14:00:00;-15.1;G;;
2024-01-04;15:00:00;-15.7;G;;
2024-01-04;16:00:00;-16.8;G;;
2024-01-04;17:00:00;-18.0;G;;
2024-01-04;18:00:00;-16.7;G;;
2024-01-04;19:00:00;-18.2;G;;
2024-01-04;20:00:00;-19.7;G;;
2024-01-04;21:00:00;-19.3;G;;
2024-01-04;22:00:00;-18.2;G;;
2024-01-04;23:00:00;-17.1;G;;
2024-01-05;00:00:00;-16.7;G;;
2024-01-05;01:00:00;-16.1;G;;
2024-01-05;02:00:00;-16.4;G;;
2024-01-05;03:00:00;-16.7;G;;
2024-01-05;04:00:00;-16.5;G;;
2024-01-05;05:00:00;-17.8;G;;
2024-01-05;06:00:00;-18.9;G;;
2024-01-05;07:00:00;-21.6;G;;
2024-01-05;08:00:00;-21.6;G;;
2024-01-05;09:00:00;-21.7;G;;
2024-01-05;10:00:00;-22.9;G;;
2024-01-05;11:00:00;-22.9;G;;
2024-01-05;12:00:00;-21.9;G;;
2024-01-05;13:00:00;-21.4;G;;
2024-01-05;14:00:00;-22.3;G;;
2024-01-05;15:00:00;-23.0;G;;
2024-01-05;16:00:00;-23.1;G;;
2024-01-05;17:00:00;-23.9;G;;
2024-01-05;18:00:00;-25.1;G;;
2024-01-05;19:00:00;-26.0;G;;
2024-01-05;20:00:00;-26.0;G;;
2024-01-05;21:00:00;-25.3;G;;
2024-01-05;22:00:00;-26.0;G;;
2024-01-05;23:00:00;-25.6;G;;
2024-01-06;00:00:00;-28.6;G;;
2024-01-06;01:00:00;-26.6;G;;
2024-01-06;02:00:00;-28.9;G;;
2024-01-06;03:00:00;-27.5;G;;
2024-01-06;04:00:00;-27.9;G;;
2024-01-06;05:00:00;-28.5;G;;
2024-01-06;06:00:00;-29.0;G;;
2024-01-06;07:00:00;-29.2;G;;
2024-01-06;08:00:00;-29.2;G;;
2024-01-06;09:00:00;-28.2;G;;
2024-01-06;10:00:00;-26.1;G;;
2024-01-06;11:00:00;-23.2;G;;
2024-01-06;12:00:00;-22.3;G;;
2024-01-06;13:00:00;-22.1;G;;
2024-01-06;14:00:00;-22.7;G;;
2024-01-06;15:00:00;-23.2;G;;
2024-01-06;16:00:00;-23.4;G;;
2024-01-06;17:00:00;-22.5;G;;
2024-01-06;18:00:00;-20.9;G;;
2024-01-06;19:00:00;-20.0;G;;
2024-01-06;20:00:00;-19.3;G;;
2024-01-06;21:00:00;-18.7;G;;
2024-01-06;22:00:00;-19.5;G;;
2024-01-06;23:00:00;-21.3;G;;
2024-01-07;00:00:00;-22.5;G;;
2024-01-07;01:00:00;-24.0;G;;
2024-01-07;02:00:00;-23.1;G;;
2024-01-07;03:00:00;-25.2;G;;
2024-01-07;04:00:00;-25.1;G;;
2024-01-07;05:00:00;-25.2;G;;
2024-01-07;06:00:00;-25.3;G;;
2024-01-07;07:00:00;-22.4;G;;
2024-01-07;08:00:00;-20.7;G;;
2024-01-07;09:00:00;-19.4;G;;
2024-01-07;10:00:00;-18.2;G;;
2024-01-07;11:00:00;-17.1;G;;
2024-01-07;12:00:00;-15.9;G;;
2024-01-07;13:00:00;-15.5;G;;
2024-01-07;14:00:00;-15.2;G;;
2024-01-07;15:00:00;-15.8;G;;
2024-01-07;16:00:00;-18.5;G;;
2024-01-07;17:00:00;-20.2;G;;
2024-01-07;18:00:00;-20.8;G;;
2024-01-07;19:00:00;-19.5;G;;
2024-01-07;20:00:00;-22.3;G;;
2024-01-07;21:00:00;-20.2;G;;
2024-01-07;22:00:00;-20.6;G;;
2024-01-07;23:00:00;-18.6;G;;
2024-01-08;00:00:00;-19.0;G;;
2024-01-08;01:00:00;-20.5;G;;
2024-01-08;02:00:00;-21.9;G;;
2024-01-08;03:00:00;-21.4;G;;
2024-01-08;04:00:00;-20.0;G;;
2024-01-08;05:00:00;-20.5;G;;
2024-01-08;06:00:00;-21.0;G;;
2024-01-08;07:00:00;-21.0;G;;
2024-01-08;08:00:00;-21.1;G;;
2024-01-08;09:00:00;-20.3;G;;
2024-01-08;10:00:00;-17.6;G;;
2024-01-08;11:00:00;-17.0;G;;
2024-01-08;12:00:00;-15.2;G;;
2024-01-08;13:00:00;-14.4;G;;
2024-01-08;14:00:00;-14.8;G;;
2024-01-08;15:00:00;-14.6;G;;
2024-01-08;16:00:00;-9.5;G;;
2024-01-08;17:00:00;-11.8;G;;
2024-01-08;18:00:00;-5.3;G;;
2024-01-08;19:00:00;-4.3;G;;
2024-01-08;20:00:00;-3.6;G;;
2024-01-08;21:00:00;-3.0;G;;
2024-01-08;22:00:00;-4.6;G;;
2024-01-08;23:00:00;-1.8;G;;
2024-01-09;00:00:00;-0.8;G;;
2024-01-09;01:00:00;-0.6;G;;
2024-01-09;02:00:00;-0.5;G;;
2024-01-09;03:00:00;-1.1;G;;
2024-01-09;04:00:00;-1.3;G;;
2024-01-09;05:00:00;-1.6;G;;
2024-01-09;06:00:00;-1.8;G;;
2024-01-09;07:00:00;-1.5;G;;
2024-01-09;08:00:00;-1.3;G;;
2024-01-09;09:00:00;-0.9;G;;
2024-01-09;10:00:00;-0.2;G;;
2024-01-09;11:00:00;0.5;G;;
2024-01-09;12:00:00;1.7;G;;
2024-01-09;13:00:00;2.2;G;;
2024-01-09;14:00:00;2.6;G;;
2024-01-09;15:00:00;2.5;G;;
2024-01-09;16:00:00;2.7;G;;
2024-01-09;17:00:00;2.4;G;;
2024-01-09;18:00:00;2.2;G;;
2024-01-09;19:00:00;2.5;G;;
2024-01-09;20:00:00;2.0;G;;
2024-01-09;21:00:00;3.2;G;;
2024-01-09;22:00:00;1.7;G;;
2024-01-09;23:00:00;1.7;G;;
2024-01-10;00:00:00;1.5;G;;
2024-01-10;01:00:00;0.2;G;;
2024-01-10;02:00:00;0.2;G;;
2024-01-10;03:00:00;1.6;G;;
2024-01-10;04:00:00;-0.1;G;;
2024-01-10;05:00:00;0.1;G;;
2024-01-10;06:00:00;-0.2;G;;
2024-01-10;07:00:00;-0.6;G;;
2024-01-10;08:00:00;-0.9;G;;
2024-01-10;09:00:00;0.0;G;;
2024-01-10;10:00:00;2.4;G;;
2024-01-10;11:00:00;2.7;G;;
2024-01-10;12:00:00;1.5;G;;
2024-01-10;13:00:00;1.7;G;;
2024-01-10;14:00:00;4.2;G;;
2024-01-10;15:00:00;4.4;G;;
2024-01-10;16:00:00;4.6;G;;
2024-01-10;17:00:00;5.0;G;;
2024-01-10;18:00:00;5.2;G;;
2024-01-10;19:00:00;5.0;G;;
2024-01-10;20:00:00;5.4;G;;
2024-01-10;21:00:00;6.0;G;;
2024-01-10;22:00:00;5.8;G;;
2024-01-10;23:00:00;5.8;G;;
2024-01-11;00:00:00;5.6;G;;
2024-01-11;01:00:00;5.6;G;;
2024-01-11;02:00:00;5.3;G;;
2024-01-11;03:00:00;5.2;G;;
2024-01-11;04:00:00;5.2;G;;
2024-01-11;05:00:00;4.9;G;;
2024-01-11;06:00:00;4.9;G;;
2024-01-11;07:00:00;4.0;G;;
2024-01-11;08:00:00;2.3;G;;
2024-01-11;09:00:00;1.4;G;;
2024-01-11;10:00:00;1.9;G;;
2024-01-11;11:00:00;1.8;G;;
2024-01-11;12:00:00;1.4;G;;
2024-01-11;13:00:00;0.6;G;;
2024-01-11;14:00:00;0.3;G;;
2024-01-11;15:00:00;-0.0;G;;
2024-01-11;16:00:00;-0.3;G;;
2024-01-11;17:00:00;0.2;G;;
2024-01-11;18:00:00;0.8;G;;
2024-01-11;19:00:00;1.1;G;;
2024-01-11;20:00:00;-0.5;G;;
2024-01-11;21:00:00;1.6;G;;
2024-01-11;22:00:00;3.9;G;;
2024-01-11;23:00:00;4.1;G;;
2024-01-12;00:00:00;3.0;G;;
2024-01-12;01:00:00;2.0;G;;
2024-01-12;02:00:00;4.5;G;;
2024-01-12;03:00:00;4.4;G;;
2024-01-12;04:00:00;4.5;G;;
2024-01-12;05:00:00;4.2;G;;
2024-01-12;06:00:00;4.3;G;;
2024-01-12;07:00:00;4.1;G;;
2024-01-12;08:00:00;4.2;G;;
2024-01-12;09:00:00;4.5;G;;
2024-01-12;10:00:00;4.8;G;;
2024-01-12;11:00:00;5.0;G;;
2024-01-12;12:00:00;5.3;G;;
2024-01-12;13:00:00;5.4;G;;
2024-01-12;14:00:00;5.0;G;;
2024-01-12;15:00:00;4.8;G;;
2024-01-12;16:00:00;4.4;G;;
2024-01-12;17:00:00;4.1;G;;
2024-01-12;18:00:00;3.7;G;;
2024-01-12;19:00:00;2.6;G;;
2024-01-12;20:00:00;2.3;G;;
2024-01-12;21:00:00;2.2;G;;
2024-01-12;22:00:00;0.6;G;;
2024-01-12;23:00:00;1.7;G;;
2024-01-13;00:00:00;1.9;G;;
2024-01-13;01:00:00;-0.1;G;;
2024-01-13;02:00:00;0.9;G;;
2024-01-13;03:00:00;-0.6;G;;
2024-01-13;04:00:00;0.0;G;;
2024-01-13;05:00:00;0.2;G;;
2024-01-13;06:00:00;-0.5;G;;
2024-01-13;07:00:00;-1.5;G;;
2024-01-13;08:00:00;-1.8;G;;
2024-01-13;09:00:00;-2.0;G;;
2024-01-13;10:00:00;-1.8;G;;
2024-01-13;11:00:00;-1.7;G;;
2024-01-13;12:00:00;-1.4;G;;
2024-01-13;13:00:00;-0.7;G;;
2024-01-13;14:00:00;-1.3;G;;
2024-01-13;15:00:00;-1.5;G;;
2024-01-13;16:00:00;-1.0;G;;
2024-01-13;17:00:00;-0.6;G;;
2024-01-13;18:00:00;2.3;G;;
2024-01-13;19:00:00;2.3;G;;
2024-01-13;20:00:00;1.7;G;;
2024-01-13;21:00:00;1.7;G;;
2024-01-13;22:00:00;1.8;G;;
2024-01-13;23:00:00;1.5;G;;
2024-01-14;00:00:00;1.4;G;;
2024-01-14;01:00:00;1.3;G;;
2024-01-14;02:00:00;-0.7;G;;
2024-01-14;03:00:00;-1.7;G;;
2024-01-14;04:00:00;-3.4;G;;
2024-01-14;05:00:00;-2.7;G;;
2024-01-14;06:00:00;-3.2;G;;
2024-01-14;07:00:00;-3.8;G;;
2024-01-14;08:00:00;-3.3;G;;
2024-01-14;09:00:00;-3.0;G;;
2024-01-14;10:00:00;-2.7;G;;
2024-01-14;11:00:00;-2.7;G;;
2024-01-14;12:00:00;-2.5;G;;
2024-01-14;13:00:00;-2.4;G;;
2024-01-14;14:00:00;-2.4;G;;
2024-01-14;15:00:00;-2.3;G;;
2024-01-14;16:00:00;-3.4;G;;
2024-01-14;17:00:00;-5.3;G;;
2024-01-14;18:00:00;-6.5;G;;
2024-01-14;19:00:00;-7.4;G;;
2024-01-14;20:00:00;-7.8;G;;
2024-01-14;21:00:00;-8.4;G;;
2024-01-14;22:00:00;-9.0;G;;
2024-01-14;23:00:00;-9.8;G;;
2024-01-15;00:00:00;-11.1;G;;
2024-01-15;01:00:00;-11.9;G;;
2024-01-15;02:00:00;-12.6;G;;
2024-01-15;03:00:00;-11.4;G;;
2024-01-15;04:00:00;-13.0;G;;
2024-01-15;05:00:00;-13.4;G;;
2024-01-15;06:00:00;-12.8;G;;
2024-01-15;07:00:00;-12.4;G;;
2024-01-15;08:00:00;-11.6;G;;
2024-01-15;09:00:00;-11.6;G;;
2024-01-15;10:00:00;-11.0;G;;
2024-01-15;11:00:00;-9.9;G;;
2024-01-15;12:00:00;-10.5;G;;
2024-01-15;13:00:00;-10.5;G;;
2024-01-15;14:00:00;-11.0;G;;
2024-01-15;15:00:00;-12.0;G;;
2024-01-15;16:00:00;-13.3;G;;
2024-01-15;17:00:00;-13.7;G;;
2024-01-15;18:00:00;-13.8;G;;
2024-01-15;19:00:00;-14.4;G;;
2024-01-15;20:00:00;-17.6;G;;
2024-01-15;21:00:00;-18.7;G;;
2024-01-15;22:00:00;-18.3;G;;
2024-01-15;23:00:00;-17.7;G;;
2024-01-16;00:00:00;-19.1;G;;
2024-01-16;01:00:00;-20.0;G;;
2024-01-16;02:00:00;-23.5;G;;
2024-01-16;03:00:00;-23.4;G;;
2024-01-16;04:00:00;-22.6;G;;
2024-01-16;05:00:00;-25.5;G;;
2024-01-16;06:00:00;-24.2;G;;
2024-01-16;07:00:00;-22.8;G;;
2024-01-16;08:00:00;-24.0;G;;
2024-01-16;09:00:00;-23.7;G;;
2024-01-16;10:00:00;-23.1;G;;
2024-01-16;11:00:00;-21.9;G;;
2024-01-16;12:00:00;-22.0;G;;
2024-01-16;13:00:00;-21.3;G;;
2024-01-16;14:00:00;-21.9;G;;
2024-01-16;15:00:00;-20.1;G;;
2024-01-16;16:00:00;-18.6;G;;
2024-01-16;17:00:00;-18.0;G;;
2024-01-16;18:00:00;-15.7;G;;
2024-01-16;19:00:00;-11.2;G;;
2024-01-16;20:00:00;-9.0;G;;
2024-01-16;21:00:00;-8.7;G;;
